,displayname,domain,params,path,tagname
id_0,Content.ad widget.aspx,content.ad,,/Scripts/widget.aspx,Content.ad
id_1,Google show_ads_impl.js,googlesyndication.com,,/pagead/js/r20160607/r20151006/show_ads_impl.js,Google
id_10,DoubleClick ads,g.doubleclick.net,,/pagead/ads,DoubleClick
id_100,AOL ADTECH;cors=yes;cmd=bid;alias=72e5f0da4593f6;grp=344;misc=1465518880953,adtechus.com,cors=yes;cmd=bid;alias=72e5f0da4593f6;grp=344;misc=1465518880953,/pubapi/3.0/10064.1/3942661/0/0/ADTECH,AOL
id_101,DoubleClick ads,g.doubleclick.net,,/pagead/ads,DoubleClick
id_102,AOL ADTECH;cors=yes;cmd=bid;alias=838fdcf85aded9;grp=344;misc=1465518880958,adtechus.com,cors=yes;cmd=bid;alias=838fdcf85aded9;grp=344;misc=1465518880958,/pubapi/3.0/10064.1/3942663/0/0/ADTECH,AOL
id_103,AOL ADTECH;cors=yes;cmd=bid;alias=93b7eee4ece529;grp=344;misc=1465518880963,adtechus.com,cors=yes;cmd=bid;alias=93b7eee4ece529;grp=344;misc=1465518880963,/pubapi/3.0/10064.1/3942665/0/0/ADTECH,AOL
id_104,AOL ADTECH;cors=yes;cmd=bid;alias=10c85295f763152;grp=344;misc=1465518880968,adtechus.com,cors=yes;cmd=bid;alias=10c85295f763152;grp=344;misc=1465518880968,/pubapi/3.0/10064.1/3942667/0/0/ADTECH,AOL
id_105,AOL ADTECH;cors=yes;cmd=bid;alias=114fd2dd4beacc3;grp=344;misc=1465518880973,adtechus.com,cors=yes;cmd=bid;alias=114fd2dd4beacc3;grp=344;misc=1465518880973,/pubapi/3.0/10064.1/3942669/0/0/ADTECH,AOL
id_106,AOL ADTECH;cors=yes;cmd=bid;alias=128447a27a31369;grp=344;misc=1465518880978,adtechus.com,cors=yes;cmd=bid;alias=128447a27a31369;grp=344;misc=1465518880978,/pubapi/3.0/10064.1/3942672/0/0/ADTECH,AOL
id_107,AOL ADTECH;cors=yes;cmd=bid;alias=13e22b51b9e820e;grp=344;misc=1465518880983,adtechus.com,cors=yes;cmd=bid;alias=13e22b51b9e820e;grp=344;misc=1465518880983,/pubapi/3.0/10064.1/3942674/0/0/ADTECH,AOL
id_108,AOL ADTECH;cors=yes;cmd=bid;alias=141c0f494fb884a;grp=344;misc=1465518880987,adtechus.com,cors=yes;cmd=bid;alias=141c0f494fb884a;grp=344;misc=1465518880987,/pubapi/3.0/10064.1/3942658/0/0/ADTECH,AOL
id_109,AOL ADTECH;cors=yes;cmd=bid;alias=155a003ebe5b3b2;grp=344;misc=1465518880994,adtechus.com,cors=yes;cmd=bid;alias=155a003ebe5b3b2;grp=344;misc=1465518880994,/pubapi/3.0/10064.1/3942676/0/0/ADTECH,AOL
id_11,AppNexus vevent,adnxs.com,,/vevent,AppNexus
id_110,AOL ADTECH;cors=yes;cmd=bid;alias=16a934aebfa196e;grp=344;misc=1465518880999,adtechus.com,cors=yes;cmd=bid;alias=16a934aebfa196e;grp=344;misc=1465518880999,/pubapi/3.0/10064.1/3942660/0/0/ADTECH,AOL
id_111,AOL ADTECH;cors=yes;cmd=bid;alias=17b2d8941dc16f5;grp=344;misc=1465518881005,adtechus.com,cors=yes;cmd=bid;alias=17b2d8941dc16f5;grp=344;misc=1465518881005,/pubapi/3.0/10064.1/3942662/0/0/ADTECH,AOL
id_112,AOL ADTECH;cors=yes;cmd=bid;alias=182de3b5c3ba47d;grp=344;misc=1465518881009,adtechus.com,cors=yes;cmd=bid;alias=182de3b5c3ba47d;grp=344;misc=1465518881009,/pubapi/3.0/10064.1/3942664/0/0/ADTECH,AOL
id_113,AOL ADTECH;cors=yes;cmd=bid;alias=194a3cbc3bb7059;grp=344;misc=1465518881014,adtechus.com,cors=yes;cmd=bid;alias=194a3cbc3bb7059;grp=344;misc=1465518881014,/pubapi/3.0/10064.1/3942666/0/0/ADTECH,AOL
id_114,AOL ADTECH;cors=yes;cmd=bid;alias=207fcd719006e5f;grp=344;misc=1465518881018,adtechus.com,cors=yes;cmd=bid;alias=207fcd719006e5f;grp=344;misc=1465518881018,/pubapi/3.0/10064.1/3942668/0/0/ADTECH,AOL
id_115,AOL ADTECH;cors=yes;cmd=bid;alias=21246fecbc64a63;grp=344;misc=1465518881023,adtechus.com,cors=yes;cmd=bid;alias=21246fecbc64a63;grp=344;misc=1465518881023,/pubapi/3.0/10064.1/3942670/0/0/ADTECH,AOL
id_116,AOL ADTECH;cors=yes;cmd=bid;alias=22d8a492026c0df;grp=344;misc=1465518881027,adtechus.com,cors=yes;cmd=bid;alias=22d8a492026c0df;grp=344;misc=1465518881027,/pubapi/3.0/10064.1/3942671/0/0/ADTECH,AOL
id_117,AOL ADTECH;cors=yes;cmd=bid;alias=23169fd7c95e027;grp=344;misc=1465518881032,adtechus.com,cors=yes;cmd=bid;alias=23169fd7c95e027;grp=344;misc=1465518881032,/pubapi/3.0/10064.1/3942673/0/0/ADTECH,AOL
id_118,Simpli.fi dpx,simpli.fi,,/dpx,Simpli.fi
id_119,Mezzobit Ls98zp,cloudfront.net,,/Ls98zp,Mezzobit
id_12,AppNexus vevent,adnxs.com,,/vevent,AppNexus
id_120,Content.ad widget.aspx,content.ad,,/Scripts/widget.aspx,Content.ad
id_121,DoubleClick ads,g.doubleclick.net,,/pagead/ads,DoubleClick
id_122,DoubleClick ads,g.doubleclick.net,,/pagead/ads,DoubleClick
id_123,DoubleClick ads,g.doubleclick.net,,/pagead/ads,DoubleClick
id_124,Mezzobit Qr5num,cloudfront.net,,/Qr5num,Mezzobit
id_125,DoubleClick ads,g.doubleclick.net,,/pagead/ads,DoubleClick
id_126,DoubleClick ads,g.doubleclick.net,,/pagead/ads,DoubleClick
id_127,DoubleClick ads,g.doubleclick.net,,/pagead/ads,DoubleClick
id_128,Content.ad widget.aspx,content.ad,,/Scripts/widget.aspx,Content.ad
id_129,DoubleClick ads,g.doubleclick.net,,/pagead/ads,DoubleClick
id_13,DoubleClick ads,g.doubleclick.net,,/pagead/ads,DoubleClick
id_130,DoubleClick ads,g.doubleclick.net,,/pagead/ads,DoubleClick
id_131,DoubleClick ads,g.doubleclick.net,,/pagead/ads,DoubleClick
id_132,AppNexus vevent,adnxs.com,,/vevent,AppNexus
id_133,AppNexus vevent,adnxs.com,,/vevent,AppNexus
id_134,AppNexus vevent,adnxs.com,,/vevent,AppNexus
id_135,DoubleClick ads,g.doubleclick.net,,/pagead/ads,DoubleClick
id_136,OnScroll p.gif,onscroll.com,,/p.gif,OnScroll
id_137,DoubleClick ads,g.doubleclick.net,,/pagead/ads,DoubleClick
id_138,Content.ad widget.aspx,content.ad,,/Scripts/widget.aspx,Content.ad
id_139,DoubleClick ads,g.doubleclick.net,,/pagead/ads,DoubleClick
id_14,AppNexus vevent,adnxs.com,,/vevent,AppNexus
id_140,DoubleClick ads,g.doubleclick.net,,/pagead/ads,DoubleClick
id_141,Mezzobit M5jq67,cloudfront.net,,/M5jq67,Mezzobit
id_142,Content.ad widget.aspx,content.ad,,/Scripts/widget.aspx,Content.ad
id_143,DoubleClick ads,g.doubleclick.net,,/pagead/ads,DoubleClick
id_144,DoubleClick ads,g.doubleclick.net,,/pagead/ads,DoubleClick
id_145,DoubleClick ads,g.doubleclick.net,,/pagead/ads,DoubleClick
id_146,Content.ad widget.aspx,content.ad,,/Scripts/widget.aspx,Content.ad
id_147,DoubleClick ads,g.doubleclick.net,,/pagead/ads,DoubleClick
id_148,Pubmatic AdCallAggregator,pubmatic.com,,/AdServer/AdCallAggregator,Pubmatic
id_149,AOL ADTECH;cors=yes;cmd=bid;alias=409b0d98793851;grp=114;misc=1465518910529,adtechus.com,cors=yes;cmd=bid;alias=409b0d98793851;grp=114;misc=1465518910529,/pubapi/3.0/10064.1/3942657/0/0/ADTECH,AOL
id_15,OnScroll ms.os.js,onscroll.com,,/ms.os.js,OnScroll
id_150,AOL ADTECH;cors=yes;cmd=bid;alias=500f6e1848ffc2;grp=114;misc=1465518910538,adtechus.com,cors=yes;cmd=bid;alias=500f6e1848ffc2;grp=114;misc=1465518910538,/pubapi/3.0/10064.1/3942675/0/0/ADTECH,AOL
id_151,AOL ADTECH;cors=yes;cmd=bid;alias=62d8e2b38cbb2b;grp=114;misc=1465518910542,adtechus.com,cors=yes;cmd=bid;alias=62d8e2b38cbb2b;grp=114;misc=1465518910542,/pubapi/3.0/10064.1/3942659/0/0/ADTECH,AOL
id_152,DoubleClick ads,g.doubleclick.net,,/pagead/ads,DoubleClick
id_153,AOL ADTECH;cors=yes;cmd=bid;alias=708342c9e880b3;grp=114;misc=1465518910547,adtechus.com,cors=yes;cmd=bid;alias=708342c9e880b3;grp=114;misc=1465518910547,/pubapi/3.0/10064.1/3942661/0/0/ADTECH,AOL
id_154,AOL ADTECH;cors=yes;cmd=bid;alias=8395b213bb4399;grp=114;misc=1465518910553,adtechus.com,cors=yes;cmd=bid;alias=8395b213bb4399;grp=114;misc=1465518910553,/pubapi/3.0/10064.1/3942663/0/0/ADTECH,AOL
id_155,AOL ADTECH;cors=yes;cmd=bid;alias=9802e4b8df8d2d;grp=114;misc=1465518910562,adtechus.com,cors=yes;cmd=bid;alias=9802e4b8df8d2d;grp=114;misc=1465518910562,/pubapi/3.0/10064.1/3942665/0/0/ADTECH,AOL
id_156,AOL ADTECH;cors=yes;cmd=bid;alias=10aa5a568ab9b65;grp=114;misc=1465518910567,adtechus.com,cors=yes;cmd=bid;alias=10aa5a568ab9b65;grp=114;misc=1465518910567,/pubapi/3.0/10064.1/3942667/0/0/ADTECH,AOL
id_157,DoubleClick ads,g.doubleclick.net,,/pagead/ads,DoubleClick
id_158,AOL ADTECH;cors=yes;cmd=bid;alias=1173b7f1d2264de;grp=114;misc=1465518910573,adtechus.com,cors=yes;cmd=bid;alias=1173b7f1d2264de;grp=114;misc=1465518910573,/pubapi/3.0/10064.1/3942669/0/0/ADTECH,AOL
id_159,AOL ADTECH;cors=yes;cmd=bid;alias=120403cb9edc321;grp=114;misc=1465518910579,adtechus.com,cors=yes;cmd=bid;alias=120403cb9edc321;grp=114;misc=1465518910579,/pubapi/3.0/10064.1/3942672/0/0/ADTECH,AOL
id_16,OnScroll p.gif,onscroll.com,,/p.gif,OnScroll
id_160,AOL ADTECH;cors=yes;cmd=bid;alias=13a3465589d865f;grp=114;misc=1465518910587,adtechus.com,cors=yes;cmd=bid;alias=13a3465589d865f;grp=114;misc=1465518910587,/pubapi/3.0/10064.1/3942674/0/0/ADTECH,AOL
id_161,AOL ADTECH;cors=yes;cmd=bid;alias=148eeb322cf930d;grp=114;misc=1465518910592,adtechus.com,cors=yes;cmd=bid;alias=148eeb322cf930d;grp=114;misc=1465518910592,/pubapi/3.0/10064.1/3942658/0/0/ADTECH,AOL
id_162,AOL ADTECH;cors=yes;cmd=bid;alias=152dc31e948aa3a;grp=114;misc=1465518910608,adtechus.com,cors=yes;cmd=bid;alias=152dc31e948aa3a;grp=114;misc=1465518910608,/pubapi/3.0/10064.1/3942676/0/0/ADTECH,AOL
id_163,AOL ADTECH;cors=yes;cmd=bid;alias=164458df5bcf8ca;grp=114;misc=1465518910627,adtechus.com,cors=yes;cmd=bid;alias=164458df5bcf8ca;grp=114;misc=1465518910627,/pubapi/3.0/10064.1/3942660/0/0/ADTECH,AOL
id_164,AOL ADTECH;cors=yes;cmd=bid;alias=17c54584949247;grp=114;misc=1465518910632,adtechus.com,cors=yes;cmd=bid;alias=17c54584949247;grp=114;misc=1465518910632,/pubapi/3.0/10064.1/3942662/0/0/ADTECH,AOL
id_165,AOL ADTECH;cors=yes;cmd=bid;alias=18538b4326c6a47;grp=114;misc=1465518910639,adtechus.com,cors=yes;cmd=bid;alias=18538b4326c6a47;grp=114;misc=1465518910639,/pubapi/3.0/10064.1/3942664/0/0/ADTECH,AOL
id_166,AOL ADTECH;cors=yes;cmd=bid;alias=19a6451191e6279;grp=114;misc=1465518910645,adtechus.com,cors=yes;cmd=bid;alias=19a6451191e6279;grp=114;misc=1465518910645,/pubapi/3.0/10064.1/3942666/0/0/ADTECH,AOL
id_167,AOL ADTECH;cors=yes;cmd=bid;alias=2003a9750007b13;grp=114;misc=1465518910651,adtechus.com,cors=yes;cmd=bid;alias=2003a9750007b13;grp=114;misc=1465518910651,/pubapi/3.0/10064.1/3942668/0/0/ADTECH,AOL
id_168,AOL ADTECH;cors=yes;cmd=bid;alias=219bf780db38951;grp=114;misc=1465518910658,adtechus.com,cors=yes;cmd=bid;alias=219bf780db38951;grp=114;misc=1465518910658,/pubapi/3.0/10064.1/3942670/0/0/ADTECH,AOL
id_169,AOL ADTECH;cors=yes;cmd=bid;alias=221ca4dab606104;grp=114;misc=1465518910664,adtechus.com,cors=yes;cmd=bid;alias=221ca4dab606104;grp=114;misc=1465518910664,/pubapi/3.0/10064.1/3942671/0/0/ADTECH,AOL
id_17,Content.ad widget.aspx,content.ad,,/Scripts/widget.aspx,Content.ad
id_170,AOL ADTECH;cors=yes;cmd=bid;alias=2314f8fb18836fa;grp=114;misc=1465518910670,adtechus.com,cors=yes;cmd=bid;alias=2314f8fb18836fa;grp=114;misc=1465518910670,/pubapi/3.0/10064.1/3942673/0/0/ADTECH,AOL
id_171,Simpli.fi dpx,simpli.fi,,/dpx,Simpli.fi
id_172,Mezzobit Dtuqnj,cloudfront.net,,/Dtuqnj,Mezzobit
id_173,DoubleClick ads,g.doubleclick.net,,/pagead/ads,DoubleClick
id_174,DoubleClick ads,g.doubleclick.net,,/pagead/ads,DoubleClick
id_175,DoubleClick ads,g.doubleclick.net,,/pagead/ads,DoubleClick
id_176,Content.ad widget.aspx,content.ad,,/Scripts/widget.aspx,Content.ad
id_177,DoubleClick ads,g.doubleclick.net,,/pagead/ads,DoubleClick
id_178,DoubleClick ads,g.doubleclick.net,,/pagead/ads,DoubleClick
id_179,DoubleClick ads,g.doubleclick.net,,/pagead/ads,DoubleClick
id_18,DoubleClick ads,g.doubleclick.net,,/pagead/ads,DoubleClick
id_180,Content.ad widget.aspx,content.ad,,/Scripts/widget.aspx,Content.ad
id_181,DoubleClick ads,g.doubleclick.net,,/pagead/ads,DoubleClick
id_182,Pubmatic AdCallAggregator,pubmatic.com,,/AdServer/AdCallAggregator,Pubmatic
id_183,AOL ADTECH;cors=yes;cmd=bid;alias=4216c5aec77ec2;grp=489;misc=1465518939324,adtechus.com,cors=yes;cmd=bid;alias=4216c5aec77ec2;grp=489;misc=1465518939324,/pubapi/3.0/10064.1/3942638/0/0/ADTECH,AOL
id_184,DoubleClick ads,g.doubleclick.net,,/pagead/ads,DoubleClick
id_185,AppNexus vevent,adnxs.com,,/vevent,AppNexus
id_186,AOL ADTECH;cors=yes;cmd=bid;alias=58e437e286ec1b;grp=489;misc=1465518939326,adtechus.com,cors=yes;cmd=bid;alias=58e437e286ec1b;grp=489;misc=1465518939326,/pubapi/3.0/10064.1/3942655/0/0/ADTECH,AOL
id_187,AppNexus vevent,adnxs.com,,/vevent,AppNexus
id_188,AOL ADTECH;cors=yes;cmd=bid;alias=6b0a90b73e3c32;grp=489;misc=1465518939328,adtechus.com,cors=yes;cmd=bid;alias=6b0a90b73e3c32;grp=489;misc=1465518939328,/pubapi/3.0/10064.1/3942640/0/0/ADTECH,AOL
id_189,DoubleClick ads,g.doubleclick.net,,/pagead/ads,DoubleClick
id_19,DoubleClick ads,g.doubleclick.net,,/pagead/ads,DoubleClick
id_190,AOL ADTECH;cors=yes;cmd=bid;alias=7c79240af260e8;grp=489;misc=1465518939329,adtechus.com,cors=yes;cmd=bid;alias=7c79240af260e8;grp=489;misc=1465518939329,/pubapi/3.0/10064.1/3942642/0/0/ADTECH,AOL
id_191,AOL ADTECH;cors=yes;cmd=bid;alias=8998822cf9e63c;grp=489;misc=1465518939331,adtechus.com,cors=yes;cmd=bid;alias=8998822cf9e63c;grp=489;misc=1465518939331,/pubapi/3.0/10064.1/3942644/0/0/ADTECH,AOL
id_192,AOL ADTECH;cors=yes;cmd=bid;alias=9dfe511f0bfb6b;grp=489;misc=1465518939333,adtechus.com,cors=yes;cmd=bid;alias=9dfe511f0bfb6b;grp=489;misc=1465518939333,/pubapi/3.0/10064.1/3942646/0/0/ADTECH,AOL
id_193,AOL ADTECH;cors=yes;cmd=bid;alias=10d18a12e9b9ab9;grp=489;misc=1465518939334,adtechus.com,cors=yes;cmd=bid;alias=10d18a12e9b9ab9;grp=489;misc=1465518939334,/pubapi/3.0/10064.1/3942647/0/0/ADTECH,AOL
id_194,AOL ADTECH;cors=yes;cmd=bid;alias=11f43493b6aad2d;grp=489;misc=1465518939336,adtechus.com,cors=yes;cmd=bid;alias=11f43493b6aad2d;grp=489;misc=1465518939336,/pubapi/3.0/10064.1/3942650/0/0/ADTECH,AOL
id_195,AOL ADTECH;cors=yes;cmd=bid;alias=12d3d78ca982905;grp=489;misc=1465518939337,adtechus.com,cors=yes;cmd=bid;alias=12d3d78ca982905;grp=489;misc=1465518939337,/pubapi/3.0/10064.1/3942652/0/0/ADTECH,AOL
id_196,AOL ADTECH;cors=yes;cmd=bid;alias=13e96cabdaab65b;grp=489;misc=1465518939339,adtechus.com,cors=yes;cmd=bid;alias=13e96cabdaab65b;grp=489;misc=1465518939339,/pubapi/3.0/10064.1/3942654/0/0/ADTECH,AOL
id_197,AOL ADTECH;cors=yes;cmd=bid;alias=14662152a43347a;grp=489;misc=1465518939341,adtechus.com,cors=yes;cmd=bid;alias=14662152a43347a;grp=489;misc=1465518939341,/pubapi/3.0/10064.1/3942637/0/0/ADTECH,AOL
id_198,AOL ADTECH;cors=yes;cmd=bid;alias=15e4a1c4b3d3da3;grp=489;misc=1465518939345,adtechus.com,cors=yes;cmd=bid;alias=15e4a1c4b3d3da3;grp=489;misc=1465518939345,/pubapi/3.0/10064.1/3942656/0/0/ADTECH,AOL
id_199,AOL ADTECH;cors=yes;cmd=bid;alias=165f4e87bdc16f2;grp=489;misc=1465518939347,adtechus.com,cors=yes;cmd=bid;alias=165f4e87bdc16f2;grp=489;misc=1465518939347,/pubapi/3.0/10064.1/3942639/0/0/ADTECH,AOL
id_2,OnScroll onscroll.ms.js,onscroll.com,,/onscroll.ms.js,OnScroll
id_20,Pubmatic gshowad.js,pubmatic.com,,/AdServer/js/gshowad.js,Pubmatic
id_200,AOL ADTECH;cors=yes;cmd=bid;alias=17a0a87c3836f41;grp=489;misc=1465518939350,adtechus.com,cors=yes;cmd=bid;alias=17a0a87c3836f41;grp=489;misc=1465518939350,/pubapi/3.0/10064.1/3942641/0/0/ADTECH,AOL
id_201,AOL ADTECH;cors=yes;cmd=bid;alias=1805646877fc734;grp=489;misc=1465518939352,adtechus.com,cors=yes;cmd=bid;alias=1805646877fc734;grp=489;misc=1465518939352,/pubapi/3.0/10064.1/3942643/0/0/ADTECH,AOL
id_202,AOL ADTECH;cors=yes;cmd=bid;alias=19a9177d659a65a;grp=489;misc=1465518939354,adtechus.com,cors=yes;cmd=bid;alias=19a9177d659a65a;grp=489;misc=1465518939354,/pubapi/3.0/10064.1/3942645/0/0/ADTECH,AOL
id_203,AOL ADTECH;cors=yes;cmd=bid;alias=20f24cc0509b5e1;grp=489;misc=1465518939356,adtechus.com,cors=yes;cmd=bid;alias=20f24cc0509b5e1;grp=489;misc=1465518939356,/pubapi/3.0/10064.1/3942648/0/0/ADTECH,AOL
id_204,AOL ADTECH;cors=yes;cmd=bid;alias=213d23dde7358a1;grp=489;misc=1465518939358,adtechus.com,cors=yes;cmd=bid;alias=213d23dde7358a1;grp=489;misc=1465518939358,/pubapi/3.0/10064.1/3942649/0/0/ADTECH,AOL
id_205,AOL ADTECH;cors=yes;cmd=bid;alias=22d0aa8f155ab81;grp=489;misc=1465518939359,adtechus.com,cors=yes;cmd=bid;alias=22d0aa8f155ab81;grp=489;misc=1465518939359,/pubapi/3.0/10064.1/3942651/0/0/ADTECH,AOL
id_206,AOL ADTECH;cors=yes;cmd=bid;alias=238bd4640ed5319;grp=489;misc=1465518939360,adtechus.com,cors=yes;cmd=bid;alias=238bd4640ed5319;grp=489;misc=1465518939360,/pubapi/3.0/10064.1/3942653/0/0/ADTECH,AOL
id_207,Simpli.fi dpx,simpli.fi,,/dpx,Simpli.fi
id_208,Mezzobit Yktxw7,cloudfront.net,,/Yktxw7,Mezzobit
id_209,Content.ad widget.aspx,content.ad,,/Scripts/widget.aspx,Content.ad
id_21,Pubmatic AdCallAggregator,pubmatic.com,,/AdServer/AdCallAggregator,Pubmatic
id_210,Content.ad widget.aspx,content.ad,,/Scripts/widget.aspx,Content.ad
id_211,DoubleClick ads,g.doubleclick.net,,/pagead/ads,DoubleClick
id_212,Content.ad TrackOutboundClick.aspx,content.ad,,/Lib/TrackOutboundClick.aspx,Content.ad
id_213,DoubleClick ads,g.doubleclick.net,,/pagead/ads,DoubleClick
id_214,DoubleClick ads,g.doubleclick.net,,/pagead/ads,DoubleClick
id_215,DoubleClick ads,g.doubleclick.net,,/pagead/ads,DoubleClick
id_216,DoubleClick ads,g.doubleclick.net,,/pagead/ads,DoubleClick
id_217,DoubleClick ads,g.doubleclick.net,,/pagead/ads,DoubleClick
id_218,Pubmatic AdCallAggregator,pubmatic.com,,/AdServer/AdCallAggregator,Pubmatic
id_219,AOL ADTECH;cors=yes;cmd=bid;alias=40143260face71;grp=66;misc=1465518930376,adtechus.com,cors=yes;cmd=bid;alias=40143260face71;grp=66;misc=1465518930376,/pubapi/3.0/10064.1/3942657/0/0/ADTECH,AOL
id_22,Pubmatic showad.js,pubmatic.com,,/AdServer/js/showad.js,Pubmatic
id_220,DoubleClick ads,g.doubleclick.net,,/pagead/ads,DoubleClick
id_221,AOL ADTECH;cors=yes;cmd=bid;alias=5161aa739b0f61;grp=66;misc=1465518930384,adtechus.com,cors=yes;cmd=bid;alias=5161aa739b0f61;grp=66;misc=1465518930384,/pubapi/3.0/10064.1/3942675/0/0/ADTECH,AOL
id_222,AOL ADTECH;cors=yes;cmd=bid;alias=6bc7553f8c9b62;grp=66;misc=1465518930390,adtechus.com,cors=yes;cmd=bid;alias=6bc7553f8c9b62;grp=66;misc=1465518930390,/pubapi/3.0/10064.1/3942659/0/0/ADTECH,AOL
id_223,AOL ADTECH;cors=yes;cmd=bid;alias=78610746e42634;grp=66;misc=1465518930395,adtechus.com,cors=yes;cmd=bid;alias=78610746e42634;grp=66;misc=1465518930395,/pubapi/3.0/10064.1/3942661/0/0/ADTECH,AOL
id_224,AOL ADTECH;cors=yes;cmd=bid;alias=8c9742fcd125ac;grp=66;misc=1465518930400,adtechus.com,cors=yes;cmd=bid;alias=8c9742fcd125ac;grp=66;misc=1465518930400,/pubapi/3.0/10064.1/3942663/0/0/ADTECH,AOL
id_225,AOL ADTECH;cors=yes;cmd=bid;alias=97aa9d4aa3dd3f;grp=66;misc=1465518930405,adtechus.com,cors=yes;cmd=bid;alias=97aa9d4aa3dd3f;grp=66;misc=1465518930405,/pubapi/3.0/10064.1/3942665/0/0/ADTECH,AOL
id_226,AOL ADTECH;cors=yes;cmd=bid;alias=10cb054bef6c97c;grp=66;misc=1465518930410,adtechus.com,cors=yes;cmd=bid;alias=10cb054bef6c97c;grp=66;misc=1465518930410,/pubapi/3.0/10064.1/3942667/0/0/ADTECH,AOL
id_227,AOL ADTECH;cors=yes;cmd=bid;alias=11b915d5cd09c21;grp=66;misc=1465518930415,adtechus.com,cors=yes;cmd=bid;alias=11b915d5cd09c21;grp=66;misc=1465518930415,/pubapi/3.0/10064.1/3942669/0/0/ADTECH,AOL
id_228,AOL ADTECH;cors=yes;cmd=bid;alias=12df3bb5cedbd3c;grp=66;misc=1465518930420,adtechus.com,cors=yes;cmd=bid;alias=12df3bb5cedbd3c;grp=66;misc=1465518930420,/pubapi/3.0/10064.1/3942672/0/0/ADTECH,AOL
id_229,AOL ADTECH;cors=yes;cmd=bid;alias=1379fdfdaa69366;grp=66;misc=1465518930425,adtechus.com,cors=yes;cmd=bid;alias=1379fdfdaa69366;grp=66;misc=1465518930425,/pubapi/3.0/10064.1/3942674/0/0/ADTECH,AOL
id_23,DoubleClick ads,g.doubleclick.net,,/pagead/ads,DoubleClick
id_230,AOL ADTECH;cors=yes;cmd=bid;alias=14b5ef1c3b06cd4;grp=66;misc=1465518930429,adtechus.com,cors=yes;cmd=bid;alias=14b5ef1c3b06cd4;grp=66;misc=1465518930429,/pubapi/3.0/10064.1/3942658/0/0/ADTECH,AOL
id_231,AOL ADTECH;cors=yes;cmd=bid;alias=1506cb57dda37a1;grp=66;misc=1465518930435,adtechus.com,cors=yes;cmd=bid;alias=1506cb57dda37a1;grp=66;misc=1465518930435,/pubapi/3.0/10064.1/3942676/0/0/ADTECH,AOL
id_232,AOL ADTECH;cors=yes;cmd=bid;alias=1642e8cc89cece4;grp=66;misc=1465518930440,adtechus.com,cors=yes;cmd=bid;alias=1642e8cc89cece4;grp=66;misc=1465518930440,/pubapi/3.0/10064.1/3942660/0/0/ADTECH,AOL
id_233,AOL ADTECH;cors=yes;cmd=bid;alias=17e8535617a5e3;grp=66;misc=1465518930449,adtechus.com,cors=yes;cmd=bid;alias=17e8535617a5e3;grp=66;misc=1465518930449,/pubapi/3.0/10064.1/3942662/0/0/ADTECH,AOL
id_234,AOL ADTECH;cors=yes;cmd=bid;alias=1860622da5d2999;grp=66;misc=1465518930459,adtechus.com,cors=yes;cmd=bid;alias=1860622da5d2999;grp=66;misc=1465518930459,/pubapi/3.0/10064.1/3942664/0/0/ADTECH,AOL
id_235,AOL ADTECH;cors=yes;cmd=bid;alias=196f758aeb2bcca;grp=66;misc=1465518930464,adtechus.com,cors=yes;cmd=bid;alias=196f758aeb2bcca;grp=66;misc=1465518930464,/pubapi/3.0/10064.1/3942666/0/0/ADTECH,AOL
id_236,AOL ADTECH;cors=yes;cmd=bid;alias=20661b7b174797c;grp=66;misc=1465518930470,adtechus.com,cors=yes;cmd=bid;alias=20661b7b174797c;grp=66;misc=1465518930470,/pubapi/3.0/10064.1/3942668/0/0/ADTECH,AOL
id_237,AOL ADTECH;cors=yes;cmd=bid;alias=213e0e97dc5ef73;grp=66;misc=1465518930476,adtechus.com,cors=yes;cmd=bid;alias=213e0e97dc5ef73;grp=66;misc=1465518930476,/pubapi/3.0/10064.1/3942670/0/0/ADTECH,AOL
id_238,AOL ADTECH;cors=yes;cmd=bid;alias=224b1a2504de088;grp=66;misc=1465518930481,adtechus.com,cors=yes;cmd=bid;alias=224b1a2504de088;grp=66;misc=1465518930481,/pubapi/3.0/10064.1/3942671/0/0/ADTECH,AOL
id_239,AOL ADTECH;cors=yes;cmd=bid;alias=237d987888d23ce;grp=66;misc=1465518930487,adtechus.com,cors=yes;cmd=bid;alias=237d987888d23ce;grp=66;misc=1465518930487,/pubapi/3.0/10064.1/3942673/0/0/ADTECH,AOL
id_24,AOL ONE pubtaglib_0_4_0.js,pictela.net,,/rm/marketplace/pubtaglib/0_4_0/pubtaglib_0_4_0.js,AOL ONE
id_240,Simpli.fi dpx,simpli.fi,,/dpx,Simpli.fi
id_241,DoubleClick ads,g.doubleclick.net,,/pagead/ads,DoubleClick
id_242,DoubleClick ads,g.doubleclick.net,,/pagead/ads,DoubleClick
id_243,Content.ad widget.aspx,content.ad,,/Scripts/widget.aspx,Content.ad
id_244,AOL ADTECH;cors=yes;cmd=bid;alias=6b031100783057;grp=119;misc=1465518938554,adtechus.com,cors=yes;cmd=bid;alias=6b031100783057;grp=119;misc=1465518938554,/pubapi/3.0/10064.1/3942657/0/0/ADTECH,AOL
id_245,AOL ADTECH;cors=yes;cmd=bid;alias=7a02f575b4daf7;grp=119;misc=1465518938564,adtechus.com,cors=yes;cmd=bid;alias=7a02f575b4daf7;grp=119;misc=1465518938564,/pubapi/3.0/10064.1/3942675/0/0/ADTECH,AOL
id_246,AOL ADTECH;cors=yes;cmd=bid;alias=8f0a4af6af733d;grp=119;misc=1465518938569,adtechus.com,cors=yes;cmd=bid;alias=8f0a4af6af733d;grp=119;misc=1465518938569,/pubapi/3.0/10064.1/3942659/0/0/ADTECH,AOL
id_247,AOL ADTECH;cors=yes;cmd=bid;alias=9cb709740d0ad9;grp=119;misc=1465518938574,adtechus.com,cors=yes;cmd=bid;alias=9cb709740d0ad9;grp=119;misc=1465518938574,/pubapi/3.0/10064.1/3942661/0/0/ADTECH,AOL
id_248,AOL ADTECH;cors=yes;cmd=bid;alias=102b2c5840e2a3d;grp=119;misc=1465518938578,adtechus.com,cors=yes;cmd=bid;alias=102b2c5840e2a3d;grp=119;misc=1465518938578,/pubapi/3.0/10064.1/3942663/0/0/ADTECH,AOL
id_249,AOL ADTECH;cors=yes;cmd=bid;alias=11fd29b83320d78;grp=119;misc=1465518938584,adtechus.com,cors=yes;cmd=bid;alias=11fd29b83320d78;grp=119;misc=1465518938584,/pubapi/3.0/10064.1/3942665/0/0/ADTECH,AOL
id_25,AOL ADTECH;cors=yes;cmd=bid;alias=4dcee556d6e0c4;grp=632;misc=1465518872968,adtechus.com,cors=yes;cmd=bid;alias=4dcee556d6e0c4;grp=632;misc=1465518872968,/pubapi/3.0/10064.1/3942657/0/0/ADTECH,AOL
id_250,AOL ADTECH;cors=yes;cmd=bid;alias=12b219df48f69c8;grp=119;misc=1465518938589,adtechus.com,cors=yes;cmd=bid;alias=12b219df48f69c8;grp=119;misc=1465518938589,/pubapi/3.0/10064.1/3942667/0/0/ADTECH,AOL
id_251,AOL ADTECH;cors=yes;cmd=bid;alias=13acbba25a6d28c;grp=119;misc=1465518938593,adtechus.com,cors=yes;cmd=bid;alias=13acbba25a6d28c;grp=119;misc=1465518938593,/pubapi/3.0/10064.1/3942669/0/0/ADTECH,AOL
id_252,AOL ADTECH;cors=yes;cmd=bid;alias=14d074909632f5a;grp=119;misc=1465518938598,adtechus.com,cors=yes;cmd=bid;alias=14d074909632f5a;grp=119;misc=1465518938598,/pubapi/3.0/10064.1/3942672/0/0/ADTECH,AOL
id_253,AOL ADTECH;cors=yes;cmd=bid;alias=1552f44f42ca361;grp=119;misc=1465518938602,adtechus.com,cors=yes;cmd=bid;alias=1552f44f42ca361;grp=119;misc=1465518938602,/pubapi/3.0/10064.1/3942674/0/0/ADTECH,AOL
id_254,AOL ADTECH;cors=yes;cmd=bid;alias=16d8350b00d0f96;grp=119;misc=1465518938606,adtechus.com,cors=yes;cmd=bid;alias=16d8350b00d0f96;grp=119;misc=1465518938606,/pubapi/3.0/10064.1/3942658/0/0/ADTECH,AOL
id_255,AOL ADTECH;cors=yes;cmd=bid;alias=17244ca426feb67;grp=119;misc=1465518938611,adtechus.com,cors=yes;cmd=bid;alias=17244ca426feb67;grp=119;misc=1465518938611,/pubapi/3.0/10064.1/3942676/0/0/ADTECH,AOL
id_256,AOL ADTECH;cors=yes;cmd=bid;alias=18ce93b0d2276ea;grp=119;misc=1465518938615,adtechus.com,cors=yes;cmd=bid;alias=18ce93b0d2276ea;grp=119;misc=1465518938615,/pubapi/3.0/10064.1/3942660/0/0/ADTECH,AOL
id_257,AOL ADTECH;cors=yes;cmd=bid;alias=19f8206a9369d6;grp=119;misc=1465518938623,adtechus.com,cors=yes;cmd=bid;alias=19f8206a9369d6;grp=119;misc=1465518938623,/pubapi/3.0/10064.1/3942662/0/0/ADTECH,AOL
id_258,AOL ADTECH;cors=yes;cmd=bid;alias=20ce6ffba2b6597;grp=119;misc=1465518938629,adtechus.com,cors=yes;cmd=bid;alias=20ce6ffba2b6597;grp=119;misc=1465518938629,/pubapi/3.0/10064.1/3942664/0/0/ADTECH,AOL
id_259,AOL ADTECH;cors=yes;cmd=bid;alias=210e2b664860511;grp=119;misc=1465518938637,adtechus.com,cors=yes;cmd=bid;alias=210e2b664860511;grp=119;misc=1465518938637,/pubapi/3.0/10064.1/3942666/0/0/ADTECH,AOL
id_26,AOL ADTECH;cors=yes;cmd=bid;alias=55ae91cb7de7a6;grp=632;misc=1465518872974,adtechus.com,cors=yes;cmd=bid;alias=55ae91cb7de7a6;grp=632;misc=1465518872974,/pubapi/3.0/10064.1/3942675/0/0/ADTECH,AOL
id_260,AOL ADTECH;cors=yes;cmd=bid;alias=229357c02e922b6;grp=119;misc=1465518938645,adtechus.com,cors=yes;cmd=bid;alias=229357c02e922b6;grp=119;misc=1465518938645,/pubapi/3.0/10064.1/3942668/0/0/ADTECH,AOL
id_261,AOL ADTECH;cors=yes;cmd=bid;alias=233e18d27879743;grp=119;misc=1465518938650,adtechus.com,cors=yes;cmd=bid;alias=233e18d27879743;grp=119;misc=1465518938650,/pubapi/3.0/10064.1/3942670/0/0/ADTECH,AOL
id_262,AOL ADTECH;cors=yes;cmd=bid;alias=2402c1e0533e453;grp=119;misc=1465518938654,adtechus.com,cors=yes;cmd=bid;alias=2402c1e0533e453;grp=119;misc=1465518938654,/pubapi/3.0/10064.1/3942671/0/0/ADTECH,AOL
id_263,AOL ADTECH;cors=yes;cmd=bid;alias=258ee62adb8e7ef;grp=119;misc=1465518938658,adtechus.com,cors=yes;cmd=bid;alias=258ee62adb8e7ef;grp=119;misc=1465518938658,/pubapi/3.0/10064.1/3942673/0/0/ADTECH,AOL
id_264,Simpli.fi dpx,simpli.fi,,/dpx,Simpli.fi
id_265,Content.ad widget.aspx,content.ad,,/Scripts/widget.aspx,Content.ad
id_266,DoubleClick ads,g.doubleclick.net,,/pagead/ads,DoubleClick
id_267,DoubleClick ads,g.doubleclick.net,,/pagead/ads,DoubleClick
id_268,DoubleClick ads,g.doubleclick.net,,/pagead/ads,DoubleClick
id_269,Content.ad widget.aspx,content.ad,,/Scripts/widget.aspx,Content.ad
id_27,DoubleClick ads,g.doubleclick.net,,/pagead/ads,DoubleClick
id_270,DoubleClick ads,g.doubleclick.net,,/pagead/ads,DoubleClick
id_271,Pubmatic AdCallAggregator,pubmatic.com,,/AdServer/AdCallAggregator,Pubmatic
id_272,DoubleClick ads,g.doubleclick.net,,/pagead/ads,DoubleClick
id_273,AppNexus vevent,adnxs.com,,/vevent,AppNexus
id_274,AOL ADTECH;cors=yes;cmd=bid;alias=48f4ab67b8428;grp=522;misc=1465518958081,adtechus.com,cors=yes;cmd=bid;alias=48f4ab67b8428;grp=522;misc=1465518958081,/pubapi/3.0/10064.1/3942638/0/0/ADTECH,AOL
id_275,AppNexus vevent,adnxs.com,,/vevent,AppNexus
id_276,AOL ADTECH;cors=yes;cmd=bid;alias=555f22eafbdaef;grp=522;misc=1465518958086,adtechus.com,cors=yes;cmd=bid;alias=555f22eafbdaef;grp=522;misc=1465518958086,/pubapi/3.0/10064.1/3942655/0/0/ADTECH,AOL
id_277,DoubleClick ads,g.doubleclick.net,,/pagead/ads,DoubleClick
id_278,AOL ADTECH;cors=yes;cmd=bid;alias=6cc3713fc824d3;grp=522;misc=1465518958088,adtechus.com,cors=yes;cmd=bid;alias=6cc3713fc824d3;grp=522;misc=1465518958088,/pubapi/3.0/10064.1/3942640/0/0/ADTECH,AOL
id_279,AOL ADTECH;cors=yes;cmd=bid;alias=75dde61d3dd725;grp=522;misc=1465518958090,adtechus.com,cors=yes;cmd=bid;alias=75dde61d3dd725;grp=522;misc=1465518958090,/pubapi/3.0/10064.1/3942642/0/0/ADTECH,AOL
id_28,AOL ADTECH;cors=yes;cmd=bid;alias=6b86acfac520f5;grp=632;misc=1465518872978,adtechus.com,cors=yes;cmd=bid;alias=6b86acfac520f5;grp=632;misc=1465518872978,/pubapi/3.0/10064.1/3942659/0/0/ADTECH,AOL
id_280,AOL ADTECH;cors=yes;cmd=bid;alias=81870ead4de45f;grp=522;misc=1465518958091,adtechus.com,cors=yes;cmd=bid;alias=81870ead4de45f;grp=522;misc=1465518958091,/pubapi/3.0/10064.1/3942644/0/0/ADTECH,AOL
id_281,AOL ADTECH;cors=yes;cmd=bid;alias=926f9d98f0e029;grp=522;misc=1465518958094,adtechus.com,cors=yes;cmd=bid;alias=926f9d98f0e029;grp=522;misc=1465518958094,/pubapi/3.0/10064.1/3942646/0/0/ADTECH,AOL
id_282,AOL ADTECH;cors=yes;cmd=bid;alias=108fb476f2e0bc;grp=522;misc=1465518958097,adtechus.com,cors=yes;cmd=bid;alias=108fb476f2e0bc;grp=522;misc=1465518958097,/pubapi/3.0/10064.1/3942647/0/0/ADTECH,AOL
id_283,AOL ADTECH;cors=yes;cmd=bid;alias=115284486b96d7e;grp=522;misc=1465518958099,adtechus.com,cors=yes;cmd=bid;alias=115284486b96d7e;grp=522;misc=1465518958099,/pubapi/3.0/10064.1/3942650/0/0/ADTECH,AOL
id_284,AOL ADTECH;cors=yes;cmd=bid;alias=12fdaab892b92e7;grp=522;misc=1465518958102,adtechus.com,cors=yes;cmd=bid;alias=12fdaab892b92e7;grp=522;misc=1465518958102,/pubapi/3.0/10064.1/3942652/0/0/ADTECH,AOL
id_285,AOL ADTECH;cors=yes;cmd=bid;alias=13af755a0bc0e39;grp=522;misc=1465518958104,adtechus.com,cors=yes;cmd=bid;alias=13af755a0bc0e39;grp=522;misc=1465518958104,/pubapi/3.0/10064.1/3942654/0/0/ADTECH,AOL
id_286,AOL ADTECH;cors=yes;cmd=bid;alias=14705ef185e32ab;grp=522;misc=1465518958105,adtechus.com,cors=yes;cmd=bid;alias=14705ef185e32ab;grp=522;misc=1465518958105,/pubapi/3.0/10064.1/3942637/0/0/ADTECH,AOL
id_287,AOL ADTECH;cors=yes;cmd=bid;alias=152145e9386a515;grp=522;misc=1465518958109,adtechus.com,cors=yes;cmd=bid;alias=152145e9386a515;grp=522;misc=1465518958109,/pubapi/3.0/10064.1/3942656/0/0/ADTECH,AOL
id_288,AOL ADTECH;cors=yes;cmd=bid;alias=16977459a6a83d8;grp=522;misc=1465518958111,adtechus.com,cors=yes;cmd=bid;alias=16977459a6a83d8;grp=522;misc=1465518958111,/pubapi/3.0/10064.1/3942639/0/0/ADTECH,AOL
id_289,AOL ADTECH;cors=yes;cmd=bid;alias=17acc4d76087fb2;grp=522;misc=1465518958112,adtechus.com,cors=yes;cmd=bid;alias=17acc4d76087fb2;grp=522;misc=1465518958112,/pubapi/3.0/10064.1/3942641/0/0/ADTECH,AOL
id_29,AOL ADTECH;cors=yes;cmd=bid;alias=77f2cb6f53f439;grp=632;misc=1465518872982,adtechus.com,cors=yes;cmd=bid;alias=77f2cb6f53f439;grp=632;misc=1465518872982,/pubapi/3.0/10064.1/3942661/0/0/ADTECH,AOL
id_290,AOL ADTECH;cors=yes;cmd=bid;alias=184dd2a13d59b6b;grp=522;misc=1465518958114,adtechus.com,cors=yes;cmd=bid;alias=184dd2a13d59b6b;grp=522;misc=1465518958114,/pubapi/3.0/10064.1/3942643/0/0/ADTECH,AOL
id_291,AOL ADTECH;cors=yes;cmd=bid;alias=190a87e454d675d;grp=522;misc=1465518958116,adtechus.com,cors=yes;cmd=bid;alias=190a87e454d675d;grp=522;misc=1465518958116,/pubapi/3.0/10064.1/3942645/0/0/ADTECH,AOL
id_292,AOL ADTECH;cors=yes;cmd=bid;alias=20ed795da54f8fa;grp=522;misc=1465518958117,adtechus.com,cors=yes;cmd=bid;alias=20ed795da54f8fa;grp=522;misc=1465518958117,/pubapi/3.0/10064.1/3942648/0/0/ADTECH,AOL
id_293,AOL ADTECH;cors=yes;cmd=bid;alias=21d48d5c647ee8d;grp=522;misc=1465518958119,adtechus.com,cors=yes;cmd=bid;alias=21d48d5c647ee8d;grp=522;misc=1465518958119,/pubapi/3.0/10064.1/3942649/0/0/ADTECH,AOL
id_294,AOL ADTECH;cors=yes;cmd=bid;alias=22fa9068647a717;grp=522;misc=1465518958121,adtechus.com,cors=yes;cmd=bid;alias=22fa9068647a717;grp=522;misc=1465518958121,/pubapi/3.0/10064.1/3942651/0/0/ADTECH,AOL
id_295,AOL ADTECH;cors=yes;cmd=bid;alias=233b4955b9b86f8;grp=522;misc=1465518958123,adtechus.com,cors=yes;cmd=bid;alias=233b4955b9b86f8;grp=522;misc=1465518958123,/pubapi/3.0/10064.1/3942653/0/0/ADTECH,AOL
id_296,Simpli.fi dpx,simpli.fi,,/dpx,Simpli.fi
id_297,Mezzobit O9o4p7,cloudfront.net,,/O9o4p7,Mezzobit
id_298,Mezzobit F1y4y5,cloudfront.net,,/F1y4y5,Mezzobit
id_299,Content.ad widget.aspx,content.ad,,/Scripts/widget.aspx,Content.ad
id_3,Google show_ads.js,googlesyndication.com,,/pagead/show_ads.js,Google
id_30,AOL ADTECH;cors=yes;cmd=bid;alias=8ee19ba80d69c2;grp=632;misc=1465518872986,adtechus.com,cors=yes;cmd=bid;alias=8ee19ba80d69c2;grp=632;misc=1465518872986,/pubapi/3.0/10064.1/3942663/0/0/ADTECH,AOL
id_300,DoubleClick ads,g.doubleclick.net,,/pagead/ads,DoubleClick
id_301,DoubleClick ads,g.doubleclick.net,,/pagead/ads,DoubleClick
id_302,Pubmatic AdCallAggregator,pubmatic.com,,/AdServer/AdCallAggregator,Pubmatic
id_303,DoubleClick ads,g.doubleclick.net,,/pagead/ads,DoubleClick
id_304,AOL ADTECH;cors=yes;cmd=bid;alias=4842f637d35d04;grp=72;misc=1465518971603,adtechus.com,cors=yes;cmd=bid;alias=4842f637d35d04;grp=72;misc=1465518971603,/pubapi/3.0/10064.1/3942638/0/0/ADTECH,AOL
id_305,AppNexus vevent,adnxs.com,,/vevent,AppNexus
id_306,DoubleClick ads,g.doubleclick.net,,/pagead/ads,DoubleClick
id_307,AOL ADTECH;cors=yes;cmd=bid;alias=5afd9418411f5d;grp=72;misc=1465518971610,adtechus.com,cors=yes;cmd=bid;alias=5afd9418411f5d;grp=72;misc=1465518971610,/pubapi/3.0/10064.1/3942655/0/0/ADTECH,AOL
id_308,AOL ADTECH;cors=yes;cmd=bid;alias=64acc83567fce7;grp=72;misc=1465518971613,adtechus.com,cors=yes;cmd=bid;alias=64acc83567fce7;grp=72;misc=1465518971613,/pubapi/3.0/10064.1/3942640/0/0/ADTECH,AOL
id_309,AppNexus vevent,adnxs.com,,/vevent,AppNexus
id_31,AOL ADTECH;cors=yes;cmd=bid;alias=9ee73abd54a3bf;grp=632;misc=1465518872991,adtechus.com,cors=yes;cmd=bid;alias=9ee73abd54a3bf;grp=632;misc=1465518872991,/pubapi/3.0/10064.1/3942665/0/0/ADTECH,AOL
id_310,AOL ADTECH;cors=yes;cmd=bid;alias=720231910d6c0e;grp=72;misc=1465518971620,adtechus.com,cors=yes;cmd=bid;alias=720231910d6c0e;grp=72;misc=1465518971620,/pubapi/3.0/10064.1/3942642/0/0/ADTECH,AOL
id_311,AOL ADTECH;cors=yes;cmd=bid;alias=84ac0370837eef;grp=72;misc=1465518971625,adtechus.com,cors=yes;cmd=bid;alias=84ac0370837eef;grp=72;misc=1465518971625,/pubapi/3.0/10064.1/3942644/0/0/ADTECH,AOL
id_312,AppNexus vevent,adnxs.com,,/vevent,AppNexus
id_313,AOL ADTECH;cors=yes;cmd=bid;alias=978a2eda2dd0ba;grp=72;misc=1465518971628,adtechus.com,cors=yes;cmd=bid;alias=978a2eda2dd0ba;grp=72;misc=1465518971628,/pubapi/3.0/10064.1/3942646/0/0/ADTECH,AOL
id_314,AOL ADTECH;cors=yes;cmd=bid;alias=102e137dfd21e6;grp=72;misc=1465518971630,adtechus.com,cors=yes;cmd=bid;alias=102e137dfd21e6;grp=72;misc=1465518971630,/pubapi/3.0/10064.1/3942647/0/0/ADTECH,AOL
id_315,OnScroll p.gif,onscroll.com,,/p.gif,OnScroll
id_316,AOL ADTECH;cors=yes;cmd=bid;alias=119b2825d1cc982;grp=72;misc=1465518971633,adtechus.com,cors=yes;cmd=bid;alias=119b2825d1cc982;grp=72;misc=1465518971633,/pubapi/3.0/10064.1/3942650/0/0/ADTECH,AOL
id_317,AOL ADTECH;cors=yes;cmd=bid;alias=128bb3ec43cc876;grp=72;misc=1465518971636,adtechus.com,cors=yes;cmd=bid;alias=128bb3ec43cc876;grp=72;misc=1465518971636,/pubapi/3.0/10064.1/3942652/0/0/ADTECH,AOL
id_318,AOL ADTECH;cors=yes;cmd=bid;alias=1384d4e92a3b0eb;grp=72;misc=1465518971639,adtechus.com,cors=yes;cmd=bid;alias=1384d4e92a3b0eb;grp=72;misc=1465518971639,/pubapi/3.0/10064.1/3942654/0/0/ADTECH,AOL
id_319,AOL ADTECH;cors=yes;cmd=bid;alias=1477542309560d;grp=72;misc=1465518971643,adtechus.com,cors=yes;cmd=bid;alias=1477542309560d;grp=72;misc=1465518971643,/pubapi/3.0/10064.1/3942637/0/0/ADTECH,AOL
id_32,AOL ADTECH;cors=yes;cmd=bid;alias=10d96627ef1064b;grp=632;misc=1465518872995,adtechus.com,cors=yes;cmd=bid;alias=10d96627ef1064b;grp=632;misc=1465518872995,/pubapi/3.0/10064.1/3942667/0/0/ADTECH,AOL
id_320,AOL ADTECH;cors=yes;cmd=bid;alias=15e4b44df4e895b;grp=72;misc=1465518971645,adtechus.com,cors=yes;cmd=bid;alias=15e4b44df4e895b;grp=72;misc=1465518971645,/pubapi/3.0/10064.1/3942656/0/0/ADTECH,AOL
id_321,AOL ADTECH;cors=yes;cmd=bid;alias=162a09fc7eda708;grp=72;misc=1465518971648,adtechus.com,cors=yes;cmd=bid;alias=162a09fc7eda708;grp=72;misc=1465518971648,/pubapi/3.0/10064.1/3942639/0/0/ADTECH,AOL
id_322,AOL ADTECH;cors=yes;cmd=bid;alias=17d1eaaf259669f;grp=72;misc=1465518971650,adtechus.com,cors=yes;cmd=bid;alias=17d1eaaf259669f;grp=72;misc=1465518971650,/pubapi/3.0/10064.1/3942641/0/0/ADTECH,AOL
id_323,AOL ADTECH;cors=yes;cmd=bid;alias=185d06c5b061bae;grp=72;misc=1465518971654,adtechus.com,cors=yes;cmd=bid;alias=185d06c5b061bae;grp=72;misc=1465518971654,/pubapi/3.0/10064.1/3942643/0/0/ADTECH,AOL
id_324,AOL ADTECH;cors=yes;cmd=bid;alias=1903f2f2f5d5084;grp=72;misc=1465518971657,adtechus.com,cors=yes;cmd=bid;alias=1903f2f2f5d5084;grp=72;misc=1465518971657,/pubapi/3.0/10064.1/3942645/0/0/ADTECH,AOL
id_325,AOL ADTECH;cors=yes;cmd=bid;alias=201decf8ed3a9a4;grp=72;misc=1465518971661,adtechus.com,cors=yes;cmd=bid;alias=201decf8ed3a9a4;grp=72;misc=1465518971661,/pubapi/3.0/10064.1/3942648/0/0/ADTECH,AOL
id_326,AOL ADTECH;cors=yes;cmd=bid;alias=21051ef5ad49496;grp=72;misc=1465518971664,adtechus.com,cors=yes;cmd=bid;alias=21051ef5ad49496;grp=72;misc=1465518971664,/pubapi/3.0/10064.1/3942649/0/0/ADTECH,AOL
id_327,AOL ADTECH;cors=yes;cmd=bid;alias=224c1ceb2bafea4;grp=72;misc=1465518971666,adtechus.com,cors=yes;cmd=bid;alias=224c1ceb2bafea4;grp=72;misc=1465518971666,/pubapi/3.0/10064.1/3942651/0/0/ADTECH,AOL
id_328,AOL ADTECH;cors=yes;cmd=bid;alias=235b8062e3bdf55;grp=72;misc=1465518971668,adtechus.com,cors=yes;cmd=bid;alias=235b8062e3bdf55;grp=72;misc=1465518971668,/pubapi/3.0/10064.1/3942653/0/0/ADTECH,AOL
id_329,Simpli.fi dpx,simpli.fi,,/dpx,Simpli.fi
id_33,AOL ADTECH;cors=yes;cmd=bid;alias=119a4d9b93d67cd;grp=632;misc=1465518872999,adtechus.com,cors=yes;cmd=bid;alias=119a4d9b93d67cd;grp=632;misc=1465518872999,/pubapi/3.0/10064.1/3942669/0/0/ADTECH,AOL
id_330,Mezzobit Izdbrh,cloudfront.net,,/Izdbrh,Mezzobit
id_331,DoubleClick ads,g.doubleclick.net,,/pagead/ads,DoubleClick
id_332,Content.ad widget.aspx,content.ad,,/Scripts/widget.aspx,Content.ad
id_333,DoubleClick ads,g.doubleclick.net,,/pagead/ads,DoubleClick
id_334,DoubleClick ads,g.doubleclick.net,,/pagead/ads,DoubleClick
id_335,AppNexus vevent,adnxs.com,,/vevent,AppNexus
id_336,Google hbe.swf,googlesyndication.com,,/osd/hbe.swf,Google
id_337,AppNexus vevent,adnxs.com,,/vevent,AppNexus
id_338,DoubleClick ads,g.doubleclick.net,,/pagead/ads,DoubleClick
id_339,OnScroll p.gif,onscroll.com,,/p.gif,OnScroll
id_34,AOL ADTECH;cors=yes;cmd=bid;alias=12f95d7abfd80c2;grp=632;misc=1465518873004,adtechus.com,cors=yes;cmd=bid;alias=12f95d7abfd80c2;grp=632;misc=1465518873004,/pubapi/3.0/10064.1/3942672/0/0/ADTECH,AOL
id_340,Content.ad widget.aspx,content.ad,,/Scripts/widget.aspx,Content.ad
id_341,Criteo sync,criteo.com,,/sync,Criteo
id_342,Pubmatic AdCallAggregator,pubmatic.com,,/AdServer/AdCallAggregator,Pubmatic
id_343,DoubleClick ads,g.doubleclick.net,,/pagead/ads,DoubleClick
id_344,Conversant rtb,dotomi.com,,/dmm/servlet/rtb,Conversant
id_345,DoubleClick ads,g.doubleclick.net,,/pagead/ads,DoubleClick
id_346,AOL ADTECH;cors=yes;cmd=bid;alias=47c2c304651ecf8;grp=441;misc=1465518965966,adtechus.com,cors=yes;cmd=bid;alias=47c2c304651ecf8;grp=441;misc=1465518965966,/pubapi/3.0/10064.1/3942638/0/0/ADTECH,AOL
id_347,AppNexus vevent,adnxs.com,,/vevent,AppNexus
id_348,AOL ADTECH;cors=yes;cmd=bid;alias=503bf3ab45965b;grp=441;misc=1465518965967,adtechus.com,cors=yes;cmd=bid;alias=503bf3ab45965b;grp=441;misc=1465518965967,/pubapi/3.0/10064.1/3942655/0/0/ADTECH,AOL
id_349,AOL ADTECH;cors=yes;cmd=bid;alias=6a3a6ef5cac8c;grp=441;misc=1465518965969,adtechus.com,cors=yes;cmd=bid;alias=6a3a6ef5cac8c;grp=441;misc=1465518965969,/pubapi/3.0/10064.1/3942640/0/0/ADTECH,AOL
id_35,AOL ADTECH;cors=yes;cmd=bid;alias=13a4e2d2b583658;grp=632;misc=1465518873008,adtechus.com,cors=yes;cmd=bid;alias=13a4e2d2b583658;grp=632;misc=1465518873008,/pubapi/3.0/10064.1/3942674/0/0/ADTECH,AOL
id_350,AOL ADTECH;cors=yes;cmd=bid;alias=7d1ad6bb5609e88;grp=441;misc=1465518965970,adtechus.com,cors=yes;cmd=bid;alias=7d1ad6bb5609e88;grp=441;misc=1465518965970,/pubapi/3.0/10064.1/3942642/0/0/ADTECH,AOL
id_351,AppNexus vevent,adnxs.com,,/vevent,AppNexus
id_352,AOL ADTECH;cors=yes;cmd=bid;alias=843e61bf48a8578;grp=441;misc=1465518965971,adtechus.com,cors=yes;cmd=bid;alias=843e61bf48a8578;grp=441;misc=1465518965971,/pubapi/3.0/10064.1/3942644/0/0/ADTECH,AOL
id_353,AOL ADTECH;cors=yes;cmd=bid;alias=9c2c4c02ca2cec8;grp=441;misc=1465518965973,adtechus.com,cors=yes;cmd=bid;alias=9c2c4c02ca2cec8;grp=441;misc=1465518965973,/pubapi/3.0/10064.1/3942646/0/0/ADTECH,AOL
id_354,AOL ADTECH;cors=yes;cmd=bid;alias=10d44ccee38a3;grp=441;misc=1465518965975,adtechus.com,cors=yes;cmd=bid;alias=10d44ccee38a3;grp=441;misc=1465518965975,/pubapi/3.0/10064.1/3942647/0/0/ADTECH,AOL
id_355,AOL ADTECH;cors=yes;cmd=bid;alias=113ebc4d2073e1;grp=441;misc=1465518965976,adtechus.com,cors=yes;cmd=bid;alias=113ebc4d2073e1;grp=441;misc=1465518965976,/pubapi/3.0/10064.1/3942650/0/0/ADTECH,AOL
id_356,AOL ADTECH;cors=yes;cmd=bid;alias=127369216e272a1;grp=441;misc=1465518965977,adtechus.com,cors=yes;cmd=bid;alias=127369216e272a1;grp=441;misc=1465518965977,/pubapi/3.0/10064.1/3942652/0/0/ADTECH,AOL
id_357,AppNexus vevent,adnxs.com,,/vevent,AppNexus
id_358,AOL ADTECH;cors=yes;cmd=bid;alias=13b5e564a85f059;grp=441;misc=1465518965978,adtechus.com,cors=yes;cmd=bid;alias=13b5e564a85f059;grp=441;misc=1465518965978,/pubapi/3.0/10064.1/3942654/0/0/ADTECH,AOL
id_359,AOL ADTECH;cors=yes;cmd=bid;alias=14542435fc5a1d;grp=441;misc=1465518965981,adtechus.com,cors=yes;cmd=bid;alias=14542435fc5a1d;grp=441;misc=1465518965981,/pubapi/3.0/10064.1/3942637/0/0/ADTECH,AOL
id_36,AOL ADTECH;cors=yes;cmd=bid;alias=140e8575a843231;grp=632;misc=1465518873013,adtechus.com,cors=yes;cmd=bid;alias=140e8575a843231;grp=632;misc=1465518873013,/pubapi/3.0/10064.1/3942658/0/0/ADTECH,AOL
id_360,AOL ADTECH;cors=yes;cmd=bid;alias=15f1bf4ad4abb858;grp=441;misc=1465518965983,adtechus.com,cors=yes;cmd=bid;alias=15f1bf4ad4abb858;grp=441;misc=1465518965983,/pubapi/3.0/10064.1/3942656/0/0/ADTECH,AOL
id_361,OnScroll p.gif,onscroll.com,,/p.gif,OnScroll
id_362,AOL ADTECH;cors=yes;cmd=bid;alias=1642f0c71cbe0f3;grp=441;misc=1465518965984,adtechus.com,cors=yes;cmd=bid;alias=1642f0c71cbe0f3;grp=441;misc=1465518965984,/pubapi/3.0/10064.1/3942639/0/0/ADTECH,AOL
id_363,AOL ADTECH;cors=yes;cmd=bid;alias=17262413e841136;grp=441;misc=1465518965985,adtechus.com,cors=yes;cmd=bid;alias=17262413e841136;grp=441;misc=1465518965985,/pubapi/3.0/10064.1/3942641/0/0/ADTECH,AOL
id_364,AOL ADTECH;cors=yes;cmd=bid;alias=18dd5350556b25f;grp=441;misc=1465518965986,adtechus.com,cors=yes;cmd=bid;alias=18dd5350556b25f;grp=441;misc=1465518965986,/pubapi/3.0/10064.1/3942643/0/0/ADTECH,AOL
id_365,AOL ADTECH;cors=yes;cmd=bid;alias=192131db0e54b8a8;grp=441;misc=1465518965987,adtechus.com,cors=yes;cmd=bid;alias=192131db0e54b8a8;grp=441;misc=1465518965987,/pubapi/3.0/10064.1/3942645/0/0/ADTECH,AOL
id_366,AOL ADTECH;cors=yes;cmd=bid;alias=20f83c22a533c8f8;grp=441;misc=1465518965988,adtechus.com,cors=yes;cmd=bid;alias=20f83c22a533c8f8;grp=441;misc=1465518965988,/pubapi/3.0/10064.1/3942648/0/0/ADTECH,AOL
id_367,AOL ADTECH;cors=yes;cmd=bid;alias=21da92cb663e2b1;grp=441;misc=1465518965989,adtechus.com,cors=yes;cmd=bid;alias=21da92cb663e2b1;grp=441;misc=1465518965989,/pubapi/3.0/10064.1/3942649/0/0/ADTECH,AOL
id_368,AOL ADTECH;cors=yes;cmd=bid;alias=22905cfadc2f277;grp=441;misc=1465518965989,adtechus.com,cors=yes;cmd=bid;alias=22905cfadc2f277;grp=441;misc=1465518965989,/pubapi/3.0/10064.1/3942651/0/0/ADTECH,AOL
id_369,AOL ADTECH;cors=yes;cmd=bid;alias=23e5f9a8e9dc0028;grp=441;misc=1465518965990,adtechus.com,cors=yes;cmd=bid;alias=23e5f9a8e9dc0028;grp=441;misc=1465518965990,/pubapi/3.0/10064.1/3942653/0/0/ADTECH,AOL
id_37,AOL ADTECH;cors=yes;cmd=bid;alias=15cf008dbb2a0f6;grp=632;misc=1465518873018,adtechus.com,cors=yes;cmd=bid;alias=15cf008dbb2a0f6;grp=632;misc=1465518873018,/pubapi/3.0/10064.1/3942676/0/0/ADTECH,AOL
id_370,Simpli.fi dpx,simpli.fi,,/dpx,Simpli.fi
id_371,Mezzobit Aeuivv,cloudfront.net,,/Aeuivv,Mezzobit
id_372,Content.ad widget.aspx,content.ad,,/Scripts/widget.aspx,Content.ad
id_373,DoubleClick ads,g.doubleclick.net,,/pagead/ads,DoubleClick
id_374,Pubmatic AdCallAggregator,pubmatic.com,,/AdServer/AdCallAggregator,Pubmatic
id_375,DoubleClick ads,g.doubleclick.net,,/pagead/ads,DoubleClick
id_376,DoubleClick ads,g.doubleclick.net,,/pagead/ads,DoubleClick
id_377,AOL ADTECH;cors=yes;cmd=bid;alias=4f4c1ada24b61d;grp=152;misc=1465518956431,adtechus.com,cors=yes;cmd=bid;alias=4f4c1ada24b61d;grp=152;misc=1465518956431,/pubapi/3.0/10064.1/3942657/0/0/ADTECH,AOL
id_378,AOL ADTECH;cors=yes;cmd=bid;alias=5b49fea8784464;grp=152;misc=1465518956439,adtechus.com,cors=yes;cmd=bid;alias=5b49fea8784464;grp=152;misc=1465518956439,/pubapi/3.0/10064.1/3942675/0/0/ADTECH,AOL
id_379,AOL ADTECH;cors=yes;cmd=bid;alias=654d294d67ebff;grp=152;misc=1465518956443,adtechus.com,cors=yes;cmd=bid;alias=654d294d67ebff;grp=152;misc=1465518956443,/pubapi/3.0/10064.1/3942659/0/0/ADTECH,AOL
id_38,AOL ADTECH;cors=yes;cmd=bid;alias=168dcd34c292c9c;grp=632;misc=1465518873023,adtechus.com,cors=yes;cmd=bid;alias=168dcd34c292c9c;grp=632;misc=1465518873023,/pubapi/3.0/10064.1/3942660/0/0/ADTECH,AOL
id_380,AOL ADTECH;cors=yes;cmd=bid;alias=77b866490a5252;grp=152;misc=1465518956447,adtechus.com,cors=yes;cmd=bid;alias=77b866490a5252;grp=152;misc=1465518956447,/pubapi/3.0/10064.1/3942661/0/0/ADTECH,AOL
id_381,AOL ADTECH;cors=yes;cmd=bid;alias=89b8df5f1b64fd;grp=152;misc=1465518956451,adtechus.com,cors=yes;cmd=bid;alias=89b8df5f1b64fd;grp=152;misc=1465518956451,/pubapi/3.0/10064.1/3942663/0/0/ADTECH,AOL
id_382,DoubleClick ads,g.doubleclick.net,,/pagead/ads,DoubleClick
id_383,AOL ADTECH;cors=yes;cmd=bid;alias=9ea10804a022bb;grp=152;misc=1465518956455,adtechus.com,cors=yes;cmd=bid;alias=9ea10804a022bb;grp=152;misc=1465518956455,/pubapi/3.0/10064.1/3942665/0/0/ADTECH,AOL
id_384,AOL ADTECH;cors=yes;cmd=bid;alias=1027c61bd3367d9;grp=152;misc=1465518956460,adtechus.com,cors=yes;cmd=bid;alias=1027c61bd3367d9;grp=152;misc=1465518956460,/pubapi/3.0/10064.1/3942667/0/0/ADTECH,AOL
id_385,AOL ADTECH;cors=yes;cmd=bid;alias=1169994abcdf75d;grp=152;misc=1465518956465,adtechus.com,cors=yes;cmd=bid;alias=1169994abcdf75d;grp=152;misc=1465518956465,/pubapi/3.0/10064.1/3942669/0/0/ADTECH,AOL
id_386,AOL ADTECH;cors=yes;cmd=bid;alias=1227ea342d99a6d;grp=152;misc=1465518956470,adtechus.com,cors=yes;cmd=bid;alias=1227ea342d99a6d;grp=152;misc=1465518956470,/pubapi/3.0/10064.1/3942672/0/0/ADTECH,AOL
id_387,AOL ADTECH;cors=yes;cmd=bid;alias=139dc2f31197f8;grp=152;misc=1465518956474,adtechus.com,cors=yes;cmd=bid;alias=139dc2f31197f8;grp=152;misc=1465518956474,/pubapi/3.0/10064.1/3942674/0/0/ADTECH,AOL
id_388,AOL ADTECH;cors=yes;cmd=bid;alias=149da12a91ccb25;grp=152;misc=1465518956481,adtechus.com,cors=yes;cmd=bid;alias=149da12a91ccb25;grp=152;misc=1465518956481,/pubapi/3.0/10064.1/3942658/0/0/ADTECH,AOL
id_389,AOL ADTECH;cors=yes;cmd=bid;alias=15787b5aab48aab;grp=152;misc=1465518956487,adtechus.com,cors=yes;cmd=bid;alias=15787b5aab48aab;grp=152;misc=1465518956487,/pubapi/3.0/10064.1/3942676/0/0/ADTECH,AOL
id_39,AOL ADTECH;cors=yes;cmd=bid;alias=17a0facaf1d8eb8;grp=632;misc=1465518873029,adtechus.com,cors=yes;cmd=bid;alias=17a0facaf1d8eb8;grp=632;misc=1465518873029,/pubapi/3.0/10064.1/3942662/0/0/ADTECH,AOL
id_390,AOL ADTECH;cors=yes;cmd=bid;alias=16a1bd6cb3962f6;grp=152;misc=1465518956491,adtechus.com,cors=yes;cmd=bid;alias=16a1bd6cb3962f6;grp=152;misc=1465518956491,/pubapi/3.0/10064.1/3942660/0/0/ADTECH,AOL
id_391,AOL ADTECH;cors=yes;cmd=bid;alias=175ab75164866d1;grp=152;misc=1465518956499,adtechus.com,cors=yes;cmd=bid;alias=175ab75164866d1;grp=152;misc=1465518956499,/pubapi/3.0/10064.1/3942662/0/0/ADTECH,AOL
id_392,AOL ADTECH;cors=yes;cmd=bid;alias=18720ce182e0068;grp=152;misc=1465518956504,adtechus.com,cors=yes;cmd=bid;alias=18720ce182e0068;grp=152;misc=1465518956504,/pubapi/3.0/10064.1/3942664/0/0/ADTECH,AOL
id_393,AOL ADTECH;cors=yes;cmd=bid;alias=19871f16bd5ef7d;grp=152;misc=1465518956509,adtechus.com,cors=yes;cmd=bid;alias=19871f16bd5ef7d;grp=152;misc=1465518956509,/pubapi/3.0/10064.1/3942666/0/0/ADTECH,AOL
id_394,AOL ADTECH;cors=yes;cmd=bid;alias=205a0723fcb658b;grp=152;misc=1465518956514,adtechus.com,cors=yes;cmd=bid;alias=205a0723fcb658b;grp=152;misc=1465518956514,/pubapi/3.0/10064.1/3942668/0/0/ADTECH,AOL
id_395,AOL ADTECH;cors=yes;cmd=bid;alias=217126091d80c2f;grp=152;misc=1465518956518,adtechus.com,cors=yes;cmd=bid;alias=217126091d80c2f;grp=152;misc=1465518956518,/pubapi/3.0/10064.1/3942670/0/0/ADTECH,AOL
id_396,AOL ADTECH;cors=yes;cmd=bid;alias=2214510fca6595b;grp=152;misc=1465518956524,adtechus.com,cors=yes;cmd=bid;alias=2214510fca6595b;grp=152;misc=1465518956524,/pubapi/3.0/10064.1/3942671/0/0/ADTECH,AOL
id_397,AOL ADTECH;cors=yes;cmd=bid;alias=23581a91cb0c3f2;grp=152;misc=1465518956528,adtechus.com,cors=yes;cmd=bid;alias=23581a91cb0c3f2;grp=152;misc=1465518956528,/pubapi/3.0/10064.1/3942673/0/0/ADTECH,AOL
id_398,Simpli.fi dpx,simpli.fi,,/dpx,Simpli.fi
id_399,Mezzobit U7rekn,cloudfront.net,,/U7rekn,Mezzobit
id_4,Google ca-pub-1076181631997634.js,googlesyndication.com,,/pub-config/r20160212/ca-pub-1076181631997634.js,Google
id_40,AOL ADTECH;cors=yes;cmd=bid;alias=186aa72454dd75b;grp=632;misc=1465518873036,adtechus.com,cors=yes;cmd=bid;alias=186aa72454dd75b;grp=632;misc=1465518873036,/pubapi/3.0/10064.1/3942664/0/0/ADTECH,AOL
id_400,Content.ad widget.aspx,content.ad,,/Scripts/widget.aspx,Content.ad
id_401,DoubleClick ads,g.doubleclick.net,,/pagead/ads,DoubleClick
id_402,Content.ad TrackOutboundClick.aspx,content.ad,,/Lib/TrackOutboundClick.aspx,Content.ad
id_403,Pubmatic AdCallAggregator,pubmatic.com,,/AdServer/AdCallAggregator,Pubmatic
id_404,DoubleClick ads,g.doubleclick.net,,/pagead/ads,DoubleClick
id_405,AOL ADTECH;cors=yes;cmd=bid;alias=4507fd2eae43ce;grp=992;misc=1465518983398,adtechus.com,cors=yes;cmd=bid;alias=4507fd2eae43ce;grp=992;misc=1465518983398,/pubapi/3.0/10064.1/3942657/0/0/ADTECH,AOL
id_406,DoubleClick ads,g.doubleclick.net,,/pagead/ads,DoubleClick
id_407,AOL ADTECH;cors=yes;cmd=bid;alias=5b6c911d51d9a9;grp=992;misc=1465518983403,adtechus.com,cors=yes;cmd=bid;alias=5b6c911d51d9a9;grp=992;misc=1465518983403,/pubapi/3.0/10064.1/3942675/0/0/ADTECH,AOL
id_408,AOL ADTECH;cors=yes;cmd=bid;alias=6d98e92f64fe62;grp=992;misc=1465518983407,adtechus.com,cors=yes;cmd=bid;alias=6d98e92f64fe62;grp=992;misc=1465518983407,/pubapi/3.0/10064.1/3942659/0/0/ADTECH,AOL
id_409,AOL ADTECH;cors=yes;cmd=bid;alias=73acf8496e26b5;grp=992;misc=1465518983412,adtechus.com,cors=yes;cmd=bid;alias=73acf8496e26b5;grp=992;misc=1465518983412,/pubapi/3.0/10064.1/3942661/0/0/ADTECH,AOL
id_41,AOL ADTECH;cors=yes;cmd=bid;alias=1949731c80eacbe;grp=632;misc=1465518873045,adtechus.com,cors=yes;cmd=bid;alias=1949731c80eacbe;grp=632;misc=1465518873045,/pubapi/3.0/10064.1/3942666/0/0/ADTECH,AOL
id_410,AOL ADTECH;cors=yes;cmd=bid;alias=8e53eef751e55d;grp=992;misc=1465518983416,adtechus.com,cors=yes;cmd=bid;alias=8e53eef751e55d;grp=992;misc=1465518983416,/pubapi/3.0/10064.1/3942663/0/0/ADTECH,AOL
id_411,DoubleClick ads,g.doubleclick.net,,/pagead/ads,DoubleClick
id_412,AOL ADTECH;cors=yes;cmd=bid;alias=9d08c59aa66391;grp=992;misc=1465518983420,adtechus.com,cors=yes;cmd=bid;alias=9d08c59aa66391;grp=992;misc=1465518983420,/pubapi/3.0/10064.1/3942665/0/0/ADTECH,AOL
id_413,AOL ADTECH;cors=yes;cmd=bid;alias=10b11074f09237c;grp=992;misc=1465518983425,adtechus.com,cors=yes;cmd=bid;alias=10b11074f09237c;grp=992;misc=1465518983425,/pubapi/3.0/10064.1/3942667/0/0/ADTECH,AOL
id_414,AOL ADTECH;cors=yes;cmd=bid;alias=1107cef44a50f0a;grp=992;misc=1465518983429,adtechus.com,cors=yes;cmd=bid;alias=1107cef44a50f0a;grp=992;misc=1465518983429,/pubapi/3.0/10064.1/3942669/0/0/ADTECH,AOL
id_415,AOL ADTECH;cors=yes;cmd=bid;alias=12ccef378e3bf6b;grp=992;misc=1465518983433,adtechus.com,cors=yes;cmd=bid;alias=12ccef378e3bf6b;grp=992;misc=1465518983433,/pubapi/3.0/10064.1/3942672/0/0/ADTECH,AOL
id_416,AOL ADTECH;cors=yes;cmd=bid;alias=13a3f111dc01629;grp=992;misc=1465518983437,adtechus.com,cors=yes;cmd=bid;alias=13a3f111dc01629;grp=992;misc=1465518983437,/pubapi/3.0/10064.1/3942674/0/0/ADTECH,AOL
id_417,AOL ADTECH;cors=yes;cmd=bid;alias=149e906d11addf4;grp=992;misc=1465518983441,adtechus.com,cors=yes;cmd=bid;alias=149e906d11addf4;grp=992;misc=1465518983441,/pubapi/3.0/10064.1/3942658/0/0/ADTECH,AOL
id_418,AOL ADTECH;cors=yes;cmd=bid;alias=150793238cee408;grp=992;misc=1465518983448,adtechus.com,cors=yes;cmd=bid;alias=150793238cee408;grp=992;misc=1465518983448,/pubapi/3.0/10064.1/3942676/0/0/ADTECH,AOL
id_419,AOL ADTECH;cors=yes;cmd=bid;alias=16cdb40cb5f2be6;grp=992;misc=1465518983453,adtechus.com,cors=yes;cmd=bid;alias=16cdb40cb5f2be6;grp=992;misc=1465518983453,/pubapi/3.0/10064.1/3942660/0/0/ADTECH,AOL
id_42,AOL ADTECH;cors=yes;cmd=bid;alias=202d57894f5dda6;grp=632;misc=1465518873051,adtechus.com,cors=yes;cmd=bid;alias=202d57894f5dda6;grp=632;misc=1465518873051,/pubapi/3.0/10064.1/3942668/0/0/ADTECH,AOL
id_420,AOL ADTECH;cors=yes;cmd=bid;alias=1760937f6763146;grp=992;misc=1465518983458,adtechus.com,cors=yes;cmd=bid;alias=1760937f6763146;grp=992;misc=1465518983458,/pubapi/3.0/10064.1/3942662/0/0/ADTECH,AOL
id_421,AOL ADTECH;cors=yes;cmd=bid;alias=1875c34a79d978e;grp=992;misc=1465518983463,adtechus.com,cors=yes;cmd=bid;alias=1875c34a79d978e;grp=992;misc=1465518983463,/pubapi/3.0/10064.1/3942664/0/0/ADTECH,AOL
id_422,AOL ADTECH;cors=yes;cmd=bid;alias=1977bd0a6c7ff95;grp=992;misc=1465518983467,adtechus.com,cors=yes;cmd=bid;alias=1977bd0a6c7ff95;grp=992;misc=1465518983467,/pubapi/3.0/10064.1/3942666/0/0/ADTECH,AOL
id_423,AOL ADTECH;cors=yes;cmd=bid;alias=20c1b1b38dde3a4;grp=992;misc=1465518983471,adtechus.com,cors=yes;cmd=bid;alias=20c1b1b38dde3a4;grp=992;misc=1465518983471,/pubapi/3.0/10064.1/3942668/0/0/ADTECH,AOL
id_424,AOL ADTECH;cors=yes;cmd=bid;alias=21824a17305261d;grp=992;misc=1465518983475,adtechus.com,cors=yes;cmd=bid;alias=21824a17305261d;grp=992;misc=1465518983475,/pubapi/3.0/10064.1/3942670/0/0/ADTECH,AOL
id_425,AOL ADTECH;cors=yes;cmd=bid;alias=2203c3628c7e645;grp=992;misc=1465518983479,adtechus.com,cors=yes;cmd=bid;alias=2203c3628c7e645;grp=992;misc=1465518983479,/pubapi/3.0/10064.1/3942671/0/0/ADTECH,AOL
id_426,AOL ADTECH;cors=yes;cmd=bid;alias=23d395f3c2efd7a;grp=992;misc=1465518983483,adtechus.com,cors=yes;cmd=bid;alias=23d395f3c2efd7a;grp=992;misc=1465518983483,/pubapi/3.0/10064.1/3942673/0/0/ADTECH,AOL
id_427,Simpli.fi dpx,simpli.fi,,/dpx,Simpli.fi
id_428,Mezzobit Filkjx,cloudfront.net,,/Filkjx,Mezzobit
id_429,DoubleClick ads,g.doubleclick.net,,/pagead/ads,DoubleClick
id_43,AOL ADTECH;cors=yes;cmd=bid;alias=21a62e7a2089f21;grp=632;misc=1465518873056,adtechus.com,cors=yes;cmd=bid;alias=21a62e7a2089f21;grp=632;misc=1465518873056,/pubapi/3.0/10064.1/3942670/0/0/ADTECH,AOL
id_430,DoubleClick ads,g.doubleclick.net,,/pagead/ads,DoubleClick
id_431,Content.ad widget.aspx,content.ad,,/Scripts/widget.aspx,Content.ad
id_432,DoubleClick ads,g.doubleclick.net,,/pagead/ads,DoubleClick
id_433,AOL ADTECH;cors=yes;cmd=bid;alias=4cc527fbee1982;grp=450;misc=1465519004479,adtechus.com,cors=yes;cmd=bid;alias=4cc527fbee1982;grp=450;misc=1465519004479,/pubapi/3.0/10064.1/3942657/0/0/ADTECH,AOL
id_434,AOL ADTECH;cors=yes;cmd=bid;alias=5abe8284b0b3be;grp=450;misc=1465519004491,adtechus.com,cors=yes;cmd=bid;alias=5abe8284b0b3be;grp=450;misc=1465519004491,/pubapi/3.0/10064.1/3942675/0/0/ADTECH,AOL
id_435,AOL ADTECH;cors=yes;cmd=bid;alias=600764dbb89812;grp=450;misc=1465519004497,adtechus.com,cors=yes;cmd=bid;alias=600764dbb89812;grp=450;misc=1465519004497,/pubapi/3.0/10064.1/3942659/0/0/ADTECH,AOL
id_436,AOL ADTECH;cors=yes;cmd=bid;alias=72be0591fe65d1;grp=450;misc=1465519004503,adtechus.com,cors=yes;cmd=bid;alias=72be0591fe65d1;grp=450;misc=1465519004503,/pubapi/3.0/10064.1/3942661/0/0/ADTECH,AOL
id_437,AOL ADTECH;cors=yes;cmd=bid;alias=80ef46596de135;grp=450;misc=1465519004509,adtechus.com,cors=yes;cmd=bid;alias=80ef46596de135;grp=450;misc=1465519004509,/pubapi/3.0/10064.1/3942663/0/0/ADTECH,AOL
id_438,AOL ADTECH;cors=yes;cmd=bid;alias=971ef709275d3d;grp=450;misc=1465519004514,adtechus.com,cors=yes;cmd=bid;alias=971ef709275d3d;grp=450;misc=1465519004514,/pubapi/3.0/10064.1/3942665/0/0/ADTECH,AOL
id_439,AOL ADTECH;cors=yes;cmd=bid;alias=10967054c3f4d3d;grp=450;misc=1465519004519,adtechus.com,cors=yes;cmd=bid;alias=10967054c3f4d3d;grp=450;misc=1465519004519,/pubapi/3.0/10064.1/3942667/0/0/ADTECH,AOL
id_44,AOL ADTECH;cors=yes;cmd=bid;alias=221e4d85686bc87;grp=632;misc=1465518873060,adtechus.com,cors=yes;cmd=bid;alias=221e4d85686bc87;grp=632;misc=1465518873060,/pubapi/3.0/10064.1/3942671/0/0/ADTECH,AOL
id_440,AOL ADTECH;cors=yes;cmd=bid;alias=116b40f40023f83;grp=450;misc=1465519004525,adtechus.com,cors=yes;cmd=bid;alias=116b40f40023f83;grp=450;misc=1465519004525,/pubapi/3.0/10064.1/3942669/0/0/ADTECH,AOL
id_441,DoubleClick ads,g.doubleclick.net,,/pagead/ads,DoubleClick
id_442,AOL ADTECH;cors=yes;cmd=bid;alias=126a4236ac784d2;grp=450;misc=1465519004531,adtechus.com,cors=yes;cmd=bid;alias=126a4236ac784d2;grp=450;misc=1465519004531,/pubapi/3.0/10064.1/3942672/0/0/ADTECH,AOL
id_443,AOL ADTECH;cors=yes;cmd=bid;alias=13fdbcd9f94fe32;grp=450;misc=1465519004537,adtechus.com,cors=yes;cmd=bid;alias=13fdbcd9f94fe32;grp=450;misc=1465519004537,/pubapi/3.0/10064.1/3942674/0/0/ADTECH,AOL
id_444,AOL ADTECH;cors=yes;cmd=bid;alias=1444bcff1a8ddb;grp=450;misc=1465519004543,adtechus.com,cors=yes;cmd=bid;alias=1444bcff1a8ddb;grp=450;misc=1465519004543,/pubapi/3.0/10064.1/3942658/0/0/ADTECH,AOL
id_445,AOL ADTECH;cors=yes;cmd=bid;alias=15cdccbad4b34d;grp=450;misc=1465519004549,adtechus.com,cors=yes;cmd=bid;alias=15cdccbad4b34d;grp=450;misc=1465519004549,/pubapi/3.0/10064.1/3942676/0/0/ADTECH,AOL
id_446,AOL ADTECH;cors=yes;cmd=bid;alias=16144b714486ec9;grp=450;misc=1465519004554,adtechus.com,cors=yes;cmd=bid;alias=16144b714486ec9;grp=450;misc=1465519004554,/pubapi/3.0/10064.1/3942660/0/0/ADTECH,AOL
id_447,DoubleClick ads,g.doubleclick.net,,/pagead/ads,DoubleClick
id_448,AOL ADTECH;cors=yes;cmd=bid;alias=179f81134982a6b;grp=450;misc=1465519004564,adtechus.com,cors=yes;cmd=bid;alias=179f81134982a6b;grp=450;misc=1465519004564,/pubapi/3.0/10064.1/3942662/0/0/ADTECH,AOL
id_449,AOL ADTECH;cors=yes;cmd=bid;alias=182c713eee3907d;grp=450;misc=1465519004571,adtechus.com,cors=yes;cmd=bid;alias=182c713eee3907d;grp=450;misc=1465519004571,/pubapi/3.0/10064.1/3942664/0/0/ADTECH,AOL
id_45,AOL ADTECH;cors=yes;cmd=bid;alias=23a6354eeeb7de2;grp=632;misc=1465518873064,adtechus.com,cors=yes;cmd=bid;alias=23a6354eeeb7de2;grp=632;misc=1465518873064,/pubapi/3.0/10064.1/3942673/0/0/ADTECH,AOL
id_450,AOL ADTECH;cors=yes;cmd=bid;alias=192ac6d448ee233;grp=450;misc=1465519004579,adtechus.com,cors=yes;cmd=bid;alias=192ac6d448ee233;grp=450;misc=1465519004579,/pubapi/3.0/10064.1/3942666/0/0/ADTECH,AOL
id_451,AOL ADTECH;cors=yes;cmd=bid;alias=2067c4ddc15226b;grp=450;misc=1465519004586,adtechus.com,cors=yes;cmd=bid;alias=2067c4ddc15226b;grp=450;misc=1465519004586,/pubapi/3.0/10064.1/3942668/0/0/ADTECH,AOL
id_452,AOL ADTECH;cors=yes;cmd=bid;alias=21e78be64d89075;grp=450;misc=1465519004592,adtechus.com,cors=yes;cmd=bid;alias=21e78be64d89075;grp=450;misc=1465519004592,/pubapi/3.0/10064.1/3942670/0/0/ADTECH,AOL
id_453,AOL ADTECH;cors=yes;cmd=bid;alias=225b0d755a52f72;grp=450;misc=1465519004598,adtechus.com,cors=yes;cmd=bid;alias=225b0d755a52f72;grp=450;misc=1465519004598,/pubapi/3.0/10064.1/3942671/0/0/ADTECH,AOL
id_454,AOL ADTECH;cors=yes;cmd=bid;alias=231e1cecdf2a349;grp=450;misc=1465519004603,adtechus.com,cors=yes;cmd=bid;alias=231e1cecdf2a349;grp=450;misc=1465519004603,/pubapi/3.0/10064.1/3942673/0/0/ADTECH,AOL
id_455,Content.ad widget.aspx,content.ad,,/Scripts/widget.aspx,Content.ad
id_456,DoubleClick ads,g.doubleclick.net,,/pagead/ads,DoubleClick
id_457,DoubleClick ads,g.doubleclick.net,,/pagead/ads,DoubleClick
id_458,DoubleClick ads,g.doubleclick.net,,/pagead/ads,DoubleClick
id_459,DoubleClick ads,g.doubleclick.net,,/pagead/ads,DoubleClick
id_46,Simpli.fi dpx,simpli.fi,,/dpx,Simpli.fi
id_460,AppNexus vevent,adnxs.com,,/vevent,AppNexus
id_461,AppNexus vevent,adnxs.com,,/vevent,AppNexus
id_462,AppNexus vevent,adnxs.com,,/vevent,AppNexus
id_463,OnScroll p.gif,onscroll.com,,/p.gif,OnScroll
id_464,Content.ad widget.aspx,content.ad,,/Scripts/widget.aspx,Content.ad
id_465,DoubleClick ads,g.doubleclick.net,,/pagead/ads,DoubleClick
id_466,DoubleClick ads,g.doubleclick.net,,/pagead/ads,DoubleClick
id_467,DoubleClick ads,g.doubleclick.net,,/pagead/ads,DoubleClick
id_468,Content.ad widget.aspx,content.ad,,/Scripts/widget.aspx,Content.ad
id_469,DoubleClick ads,g.doubleclick.net,,/pagead/ads,DoubleClick
id_47,Simpli.fi lj_match,simpli.fi,,/lj_match,Simpli.fi
id_470,DoubleClick ads,g.doubleclick.net,,/pagead/ads,DoubleClick
id_471,DoubleClick ads,g.doubleclick.net,,/pagead/ads,DoubleClick
id_472,Content.ad widget.aspx,content.ad,,/Scripts/widget.aspx,Content.ad
id_473,DoubleClick ads,g.doubleclick.net,,/pagead/ads,DoubleClick
id_474,DoubleClick ads,g.doubleclick.net,,/pagead/ads,DoubleClick
id_475,DoubleClick ads,g.doubleclick.net,,/pagead/ads,DoubleClick
id_476,Mezzobit A0aeov,cloudfront.net,,/A0aeov,Mezzobit
id_477,Content.ad widget.aspx,content.ad,,/Scripts/widget.aspx,Content.ad
id_478,DoubleClick ads,g.doubleclick.net,,/pagead/ads,DoubleClick
id_479,DoubleClick ads,g.doubleclick.net,,/pagead/ads,DoubleClick
id_48,Simpli.fi aol,simpli.fi,,/aol,Simpli.fi
id_480,Criteo lg.php,ny.us.criteo.com,,/delivery/lg.php,Criteo
id_481,Content.ad widget.aspx,content.ad,,/Scripts/widget.aspx,Content.ad
id_482,Sizmek ebStdBanner.js,serving-sys.com,,/BurstingCachedScripts//Ad_2_82_3_0/ebStdBanner.js,Sizmek
id_483,Sizmek 1492799e-573f-4106-b36b-991e5a5a7901.jpg,serving-sys.com,,/BurstingRes/Site-111309/Type-0/1492799e-573f-4106-b36b-991e5a5a7901.jpg,Sizmek
id_484,DoubleClick ads,g.doubleclick.net,,/pagead/ads,DoubleClick
id_485,IAS PixelB.swf,adsafeprotected.com,,/PixelB.swf,IAS
id_486,MediaMath notify,mathtag.com,,/notify,MediaMath
id_487,DoubleClick ads,g.doubleclick.net,,/pagead/ads,DoubleClick
id_488,AppNexus vevent,adnxs.com,,/vevent,AppNexus
id_489,DoubleClick ads,g.doubleclick.net,,/pagead/ads,DoubleClick
id_49,Simpli.fi match_redirect,simpli.fi,,/match_redirect,Simpli.fi
id_490,AppNexus vevent,adnxs.com,,/vevent,AppNexus
id_491,OnScroll p.gif,onscroll.com,,/p.gif,OnScroll
id_492,Mezzobit Lmgo2t,cloudfront.net,,/Lmgo2t,Mezzobit
id_493,DoubleClick ads,g.doubleclick.net,,/pagead/ads,DoubleClick
id_494,Google creative_toolset.js,googlesyndication.com,,/pagead/js/r20160607/r20151006/creative_toolset.js,Google
id_495,DoubleClick ads,g.doubleclick.net,,/pagead/ads,DoubleClick
id_496,Mezzobit O8vh7c,cloudfront.net,,/O8vh7c,Mezzobit
id_497,Content.ad widget.aspx,content.ad,,/Scripts/widget.aspx,Content.ad
id_498,DoubleClick ads,g.doubleclick.net,,/pagead/ads,DoubleClick
id_499,Pubmatic AdCallAggregator,pubmatic.com,,/AdServer/AdCallAggregator,Pubmatic
id_5,DoubleClick ads,g.doubleclick.net,,/pagead/ads,DoubleClick
id_50,Simpli.fi match_redirect,simpli.fi,,/match_redirect,Simpli.fi
id_500,AOL ADTECH;cors=yes;cmd=bid;alias=42cf00cb30b048;grp=61;misc=1465519011829,adtechus.com,cors=yes;cmd=bid;alias=42cf00cb30b048;grp=61;misc=1465519011829,/pubapi/3.0/10064.1/3942657/0/0/ADTECH,AOL
id_501,AOL ADTECH;cors=yes;cmd=bid;alias=5591796ded67a6;grp=61;misc=1465519011837,adtechus.com,cors=yes;cmd=bid;alias=5591796ded67a6;grp=61;misc=1465519011837,/pubapi/3.0/10064.1/3942675/0/0/ADTECH,AOL
id_502,AOL ADTECH;cors=yes;cmd=bid;alias=608206e08c8d5f;grp=61;misc=1465519011842,adtechus.com,cors=yes;cmd=bid;alias=608206e08c8d5f;grp=61;misc=1465519011842,/pubapi/3.0/10064.1/3942659/0/0/ADTECH,AOL
id_503,AOL ADTECH;cors=yes;cmd=bid;alias=7214fa090d83b;grp=61;misc=1465519011846,adtechus.com,cors=yes;cmd=bid;alias=7214fa090d83b;grp=61;misc=1465519011846,/pubapi/3.0/10064.1/3942661/0/0/ADTECH,AOL
id_504,AOL ADTECH;cors=yes;cmd=bid;alias=8171a1819a7399;grp=61;misc=1465519011852,adtechus.com,cors=yes;cmd=bid;alias=8171a1819a7399;grp=61;misc=1465519011852,/pubapi/3.0/10064.1/3942663/0/0/ADTECH,AOL
id_505,DoubleClick ads,g.doubleclick.net,,/pagead/ads,DoubleClick
id_506,AOL ADTECH;cors=yes;cmd=bid;alias=9bf0811a9878b9;grp=61;misc=1465519011856,adtechus.com,cors=yes;cmd=bid;alias=9bf0811a9878b9;grp=61;misc=1465519011856,/pubapi/3.0/10064.1/3942665/0/0/ADTECH,AOL
id_507,AOL ADTECH;cors=yes;cmd=bid;alias=109511756d57d3b;grp=61;misc=1465519011861,adtechus.com,cors=yes;cmd=bid;alias=109511756d57d3b;grp=61;misc=1465519011861,/pubapi/3.0/10064.1/3942667/0/0/ADTECH,AOL
id_508,AOL ADTECH;cors=yes;cmd=bid;alias=118d2f7d9e2fe6d;grp=61;misc=1465519011866,adtechus.com,cors=yes;cmd=bid;alias=118d2f7d9e2fe6d;grp=61;misc=1465519011866,/pubapi/3.0/10064.1/3942669/0/0/ADTECH,AOL
id_509,AOL ADTECH;cors=yes;cmd=bid;alias=129eb8036bc41b8;grp=61;misc=1465519011870,adtechus.com,cors=yes;cmd=bid;alias=129eb8036bc41b8;grp=61;misc=1465519011870,/pubapi/3.0/10064.1/3942672/0/0/ADTECH,AOL
id_51,Simpli.fi lr,simpli.fi,,/lr,Simpli.fi
id_510,AOL ADTECH;cors=yes;cmd=bid;alias=13c04be099d8b72;grp=61;misc=1465519011875,adtechus.com,cors=yes;cmd=bid;alias=13c04be099d8b72;grp=61;misc=1465519011875,/pubapi/3.0/10064.1/3942674/0/0/ADTECH,AOL
id_511,DoubleClick ads,g.doubleclick.net,,/pagead/ads,DoubleClick
id_512,AOL ADTECH;cors=yes;cmd=bid;alias=14e5b87b812a3d9;grp=61;misc=1465519011879,adtechus.com,cors=yes;cmd=bid;alias=14e5b87b812a3d9;grp=61;misc=1465519011879,/pubapi/3.0/10064.1/3942658/0/0/ADTECH,AOL
id_513,AOL ADTECH;cors=yes;cmd=bid;alias=1597e01691e6d02;grp=61;misc=1465519011883,adtechus.com,cors=yes;cmd=bid;alias=1597e01691e6d02;grp=61;misc=1465519011883,/pubapi/3.0/10064.1/3942676/0/0/ADTECH,AOL
id_514,AOL ADTECH;cors=yes;cmd=bid;alias=16f164c8df919ce;grp=61;misc=1465519011887,adtechus.com,cors=yes;cmd=bid;alias=16f164c8df919ce;grp=61;misc=1465519011887,/pubapi/3.0/10064.1/3942660/0/0/ADTECH,AOL
id_515,AOL ADTECH;cors=yes;cmd=bid;alias=172d9d45540c58;grp=61;misc=1465519011896,adtechus.com,cors=yes;cmd=bid;alias=172d9d45540c58;grp=61;misc=1465519011896,/pubapi/3.0/10064.1/3942662/0/0/ADTECH,AOL
id_516,AOL ADTECH;cors=yes;cmd=bid;alias=18b05a4b53b4b9a;grp=61;misc=1465519011903,adtechus.com,cors=yes;cmd=bid;alias=18b05a4b53b4b9a;grp=61;misc=1465519011903,/pubapi/3.0/10064.1/3942664/0/0/ADTECH,AOL
id_517,AOL ADTECH;cors=yes;cmd=bid;alias=191a4c34f106ba2;grp=61;misc=1465519011913,adtechus.com,cors=yes;cmd=bid;alias=191a4c34f106ba2;grp=61;misc=1465519011913,/pubapi/3.0/10064.1/3942666/0/0/ADTECH,AOL
id_518,AOL ADTECH;cors=yes;cmd=bid;alias=200d64ab5cb23df;grp=61;misc=1465519011919,adtechus.com,cors=yes;cmd=bid;alias=200d64ab5cb23df;grp=61;misc=1465519011919,/pubapi/3.0/10064.1/3942668/0/0/ADTECH,AOL
id_519,AOL ADTECH;cors=yes;cmd=bid;alias=215a0acb7f90b48;grp=61;misc=1465519011925,adtechus.com,cors=yes;cmd=bid;alias=215a0acb7f90b48;grp=61;misc=1465519011925,/pubapi/3.0/10064.1/3942670/0/0/ADTECH,AOL
id_52,Simpli.fi match_redirect,simpli.fi,,/match_redirect,Simpli.fi
id_520,AOL ADTECH;cors=yes;cmd=bid;alias=225d95970d3456e;grp=61;misc=1465519011930,adtechus.com,cors=yes;cmd=bid;alias=225d95970d3456e;grp=61;misc=1465519011930,/pubapi/3.0/10064.1/3942671/0/0/ADTECH,AOL
id_521,AOL ADTECH;cors=yes;cmd=bid;alias=234006489891dc4;grp=61;misc=1465519011935,adtechus.com,cors=yes;cmd=bid;alias=234006489891dc4;grp=61;misc=1465519011935,/pubapi/3.0/10064.1/3942673/0/0/ADTECH,AOL
id_522,Simpli.fi dpx,simpli.fi,,/dpx,Simpli.fi
id_523,Content.ad widget.aspx,content.ad,,/Scripts/widget.aspx,Content.ad
id_524,DoubleClick ads,g.doubleclick.net,,/pagead/ads,DoubleClick
id_525,Pubmatic AdCallAggregator,pubmatic.com,,/AdServer/AdCallAggregator,Pubmatic
id_53,Simpli.fi match_redirect,simpli.fi,,/match_redirect,Simpli.fi
id_54,Simpli.fi match_redirect,simpli.fi,,/match_redirect,Simpli.fi
id_55,Simpli.fi spotx_match,simpli.fi,,/spotx_match,Simpli.fi
id_56,Simpli.fi fb_match,simpli.fi,,/fb_match,Simpli.fi
id_57,Simpli.fi an,simpli.fi,,/an,Simpli.fi
id_58,Simpli.fi cw_match,simpli.fi,,/cw_match,Simpli.fi
id_59,Simpli.fi rb_match,simpli.fi,,/rb_match,Simpli.fi
id_6,Google expansion_embed.js,googlesyndication.com,,/pagead/js/r20160607/r20151006/expansion_embed.js,Google
id_60,Simpli.fi ox_match,simpli.fi,,/ox_match,Simpli.fi
id_61,Simpli.fi pm_match,simpli.fi,,/pm_match,Simpli.fi
id_62,Mezzobit Lm35uj,cloudfront.net,,/Lm35uj,Mezzobit
id_63,Content.ad widget.aspx,content.ad,,/Scripts/widget.aspx,Content.ad
id_64,DoubleClick ads,g.doubleclick.net,,/pagead/ads,DoubleClick
id_65,Pubmatic AdCallAggregator,pubmatic.com,,/AdServer/AdCallAggregator,Pubmatic
id_66,Pubmatic showad.js,pubmatic.com,,/AdServer/js/showad.js,Pubmatic
id_67,AOL ADTECH;cors=yes;cmd=bid;alias=450c65b998393a;grp=160;misc=1465518893234,adtechus.com,cors=yes;cmd=bid;alias=450c65b998393a;grp=160;misc=1465518893234,/pubapi/3.0/10064.1/3942638/0/0/ADTECH,AOL
id_68,DoubleClick ads,g.doubleclick.net,,/pagead/ads,DoubleClick
id_69,DoubleClick ads,g.doubleclick.net,,/pagead/ads,DoubleClick
id_7,DoubleClick ads,g.doubleclick.net,,/pagead/ads,DoubleClick
id_70,AOL ADTECH;cors=yes;cmd=bid;alias=55f75908f0d528;grp=160;misc=1465518893241,adtechus.com,cors=yes;cmd=bid;alias=55f75908f0d528;grp=160;misc=1465518893241,/pubapi/3.0/10064.1/3942655/0/0/ADTECH,AOL
id_71,AppNexus vevent,adnxs.com,,/vevent,AppNexus
id_72,AOL ADTECH;cors=yes;cmd=bid;alias=6ba0583a9d99cd;grp=160;misc=1465518893245,adtechus.com,cors=yes;cmd=bid;alias=6ba0583a9d99cd;grp=160;misc=1465518893245,/pubapi/3.0/10064.1/3942640/0/0/ADTECH,AOL
id_73,AOL ADTECH;cors=yes;cmd=bid;alias=7bed9223c4a921;grp=160;misc=1465518893250,adtechus.com,cors=yes;cmd=bid;alias=7bed9223c4a921;grp=160;misc=1465518893250,/pubapi/3.0/10064.1/3942642/0/0/ADTECH,AOL
id_74,AppNexus vevent,adnxs.com,,/vevent,AppNexus
id_75,AOL ADTECH;cors=yes;cmd=bid;alias=8cbecb361c7e21;grp=160;misc=1465518893254,adtechus.com,cors=yes;cmd=bid;alias=8cbecb361c7e21;grp=160;misc=1465518893254,/pubapi/3.0/10064.1/3942644/0/0/ADTECH,AOL
id_76,AOL ADTECH;cors=yes;cmd=bid;alias=96d55554c14a35;grp=160;misc=1465518893260,adtechus.com,cors=yes;cmd=bid;alias=96d55554c14a35;grp=160;misc=1465518893260,/pubapi/3.0/10064.1/3942646/0/0/ADTECH,AOL
id_77,AOL ADTECH;cors=yes;cmd=bid;alias=10658a5c86926da;grp=160;misc=1465518893263,adtechus.com,cors=yes;cmd=bid;alias=10658a5c86926da;grp=160;misc=1465518893263,/pubapi/3.0/10064.1/3942647/0/0/ADTECH,AOL
id_78,DoubleClick ads,g.doubleclick.net,,/pagead/ads,DoubleClick
id_79,AOL ADTECH;cors=yes;cmd=bid;alias=115e3b7491b47a7;grp=160;misc=1465518893265,adtechus.com,cors=yes;cmd=bid;alias=115e3b7491b47a7;grp=160;misc=1465518893265,/pubapi/3.0/10064.1/3942650/0/0/ADTECH,AOL
id_8,Google ca-pub-4331294777253424.js,googlesyndication.com,,/pub-config/r20160212/ca-pub-4331294777253424.js,Google
id_80,AOL ADTECH;cors=yes;cmd=bid;alias=12c367bc5efe2ea;grp=160;misc=1465518893268,adtechus.com,cors=yes;cmd=bid;alias=12c367bc5efe2ea;grp=160;misc=1465518893268,/pubapi/3.0/10064.1/3942652/0/0/ADTECH,AOL
id_81,AOL ADTECH;cors=yes;cmd=bid;alias=13cc799d4fc007f;grp=160;misc=1465518893271,adtechus.com,cors=yes;cmd=bid;alias=13cc799d4fc007f;grp=160;misc=1465518893271,/pubapi/3.0/10064.1/3942654/0/0/ADTECH,AOL
id_82,AOL ADTECH;cors=yes;cmd=bid;alias=14fb97f208c375;grp=160;misc=1465518893276,adtechus.com,cors=yes;cmd=bid;alias=14fb97f208c375;grp=160;misc=1465518893276,/pubapi/3.0/10064.1/3942637/0/0/ADTECH,AOL
id_83,AOL ADTECH;cors=yes;cmd=bid;alias=15d16194bae4152;grp=160;misc=1465518893280,adtechus.com,cors=yes;cmd=bid;alias=15d16194bae4152;grp=160;misc=1465518893280,/pubapi/3.0/10064.1/3942656/0/0/ADTECH,AOL
id_84,AOL ADTECH;cors=yes;cmd=bid;alias=166422e722288d4;grp=160;misc=1465518893295,adtechus.com,cors=yes;cmd=bid;alias=166422e722288d4;grp=160;misc=1465518893295,/pubapi/3.0/10064.1/3942639/0/0/ADTECH,AOL
id_85,AOL ADTECH;cors=yes;cmd=bid;alias=178efd8bfee5e33;grp=160;misc=1465518893300,adtechus.com,cors=yes;cmd=bid;alias=178efd8bfee5e33;grp=160;misc=1465518893300,/pubapi/3.0/10064.1/3942641/0/0/ADTECH,AOL
id_86,AOL ADTECH;cors=yes;cmd=bid;alias=18618c5f5a538fc;grp=160;misc=1465518893304,adtechus.com,cors=yes;cmd=bid;alias=18618c5f5a538fc;grp=160;misc=1465518893304,/pubapi/3.0/10064.1/3942643/0/0/ADTECH,AOL
id_87,AOL ADTECH;cors=yes;cmd=bid;alias=19b96a9eadae335;grp=160;misc=1465518893307,adtechus.com,cors=yes;cmd=bid;alias=19b96a9eadae335;grp=160;misc=1465518893307,/pubapi/3.0/10064.1/3942645/0/0/ADTECH,AOL
id_88,AOL ADTECH;cors=yes;cmd=bid;alias=209530b08290609;grp=160;misc=1465518893313,adtechus.com,cors=yes;cmd=bid;alias=209530b08290609;grp=160;misc=1465518893313,/pubapi/3.0/10064.1/3942648/0/0/ADTECH,AOL
id_89,AOL ADTECH;cors=yes;cmd=bid;alias=216a183a507183c;grp=160;misc=1465518893316,adtechus.com,cors=yes;cmd=bid;alias=216a183a507183c;grp=160;misc=1465518893316,/pubapi/3.0/10064.1/3942649/0/0/ADTECH,AOL
id_9,AppNexus async_usersync.html,adnxs.com,,/ib/static/usersync/v3/async_usersync.html,AppNexus
id_90,AOL ADTECH;cors=yes;cmd=bid;alias=225191f30720d17;grp=160;misc=1465518893321,adtechus.com,cors=yes;cmd=bid;alias=225191f30720d17;grp=160;misc=1465518893321,/pubapi/3.0/10064.1/3942651/0/0/ADTECH,AOL
id_91,AOL ADTECH;cors=yes;cmd=bid;alias=230077765f47127;grp=160;misc=1465518893323,adtechus.com,cors=yes;cmd=bid;alias=230077765f47127;grp=160;misc=1465518893323,/pubapi/3.0/10064.1/3942653/0/0/ADTECH,AOL
id_92,Simpli.fi dpx,simpli.fi,,/dpx,Simpli.fi
id_93,Content.ad widget.aspx,content.ad,,/Scripts/widget.aspx,Content.ad
id_94,DoubleClick ads,g.doubleclick.net,,/pagead/ads,DoubleClick
id_95,Pubmatic AdCallAggregator,pubmatic.com,,/AdServer/AdCallAggregator,Pubmatic
id_96,DoubleClick ads,g.doubleclick.net,,/pagead/ads,DoubleClick
id_97,AOL ADTECH;cors=yes;cmd=bid;alias=4473be35377f45;grp=344;misc=1465518880937,adtechus.com,cors=yes;cmd=bid;alias=4473be35377f45;grp=344;misc=1465518880937,/pubapi/3.0/10064.1/3942657/0/0/ADTECH,AOL
id_98,AOL ADTECH;cors=yes;cmd=bid;alias=5084aac7605f6b;grp=344;misc=1465518880943,adtechus.com,cors=yes;cmd=bid;alias=5084aac7605f6b;grp=344;misc=1465518880943,/pubapi/3.0/10064.1/3942675/0/0/ADTECH,AOL
id_99,AOL ADTECH;cors=yes;cmd=bid;alias=677e7e40c9531e;grp=344;misc=1465518880947,adtechus.com,cors=yes;cmd=bid;alias=677e7e40c9531e;grp=344;misc=1465518880947,/pubapi/3.0/10064.1/3942659/0/0/ADTECH,AOL
